0.00000    0.000000000000
0.01000    0.000034922126
0.02000    0.000577384211
0.03000    0.000954787767
0.04000    0.001118469442
0.05000    0.001156541886
0.06000    0.001019605757
0.07000    0.000762930330
0.08000    0.000405364895
0.09000    -0.000138808107
0.10000    -0.000639644812
0.11000    -0.001195423595
0.12000    -0.001530620485
0.13000    -0.001843969026
0.14000    -0.001742658100
0.15000    -0.001573247641
0.16000    -0.001634936639
0.17000    -0.001482253008
0.18000    -0.001397408560
0.19000    -0.001688442173
0.20000    -0.002278377141
0.21000    -0.003041892980
0.22000    -0.003913974843
0.23000    -0.004840040457
0.24000    -0.005689395472
0.25000    -0.006467387983
0.26000    -0.006963484911
0.27000    -0.007366548067
0.28000    -0.007457967671
0.29000    -0.007390171599
0.30000    -0.007500660016
0.31000    -0.007389294214
0.32000    -0.007404800399
0.33000    -0.007496872384
0.34000    -0.007531544676
0.35000    -0.007558915258
0.36000    -0.007670778360
0.37000    -0.007857863085
0.38000    -0.008125058357
0.39000    -0.008464748636
0.40000    -0.008894963255
0.41000    -0.009374663881
0.42000    -0.009834079687
0.43000    -0.010287224567
0.44000    -0.010852877917
0.45000    -0.011490095722
0.46000    -0.012148407647
0.47000    -0.012835787029
0.48000    -0.013528046004
0.49000    -0.014048536703
0.50000    -0.014319947830
0.51000    -0.014253271068
0.52000    -0.014078835076
0.53000    -0.014082804554
0.54000    -0.013893860809
0.55000    -0.013778470343
0.56000    -0.013985464698
0.57000    -0.014490049649
0.58000    -0.014974433002
0.59000    -0.015575463066
0.60000    -0.016218357032
0.61000    -0.016796227218
0.62000    -0.017164023452
0.63000    -0.017390134369
0.64000    -0.017321894116
0.65000    -0.017004289586
0.66000    -0.016715111207
0.67000    -0.016201115718
0.68000    -0.015623306846
0.69000    -0.015101022192
0.70000    -0.014505433158
0.71000    -0.013978157790
0.72000    -0.013509485871
0.73000    -0.013093380213
0.74000    -0.012870125200
0.75000    -0.012630119127
0.76000    -0.012495465207
0.77000    -0.012527587164
0.78000    -0.012687151757
0.79000    -0.013004534964
0.80000    -0.013497885558
0.81000    -0.014026232343
0.82000    -0.014800552616
0.83000    -0.015455942051
0.84000    -0.016028207083
0.85000    -0.016217848824
0.86000    -0.016167592398
0.87000    -0.015869071346
0.88000    -0.015287301613
0.89000    -0.014619093799
0.90000    -0.014173172015
0.91000    -0.013956682208
0.92000    -0.013885374650
0.93000    -0.013951935225
0.94000    -0.013988911496
0.95000    -0.014040289563
0.96000    -0.013983581960
0.97000    -0.013840735359
0.98000    -0.013672791205
0.99000    -0.013340031140
1.00000    -0.013111153163
1.01000    -0.012748524453
1.02000    -0.012412772850
1.03000    -0.012062551004
1.04000    -0.011718360153
1.05000    -0.011285791308
1.06000    -0.010953689796
1.07000    -0.010572943620
1.08000    -0.010243409197
1.09000    -0.009923703148
1.10000    -0.009656206630
1.11000    -0.009489267693
1.12000    -0.009409634654
1.13000    -0.009525418462
1.14000    -0.009753504248
1.15000    -0.010088215323
1.16000    -0.010670748348
1.17000    -0.011289578453
1.18000    -0.011951554341
1.19000    -0.012398985570
1.20000    -0.012778535687
1.21000    -0.012942982204
1.22000    -0.012797199701
1.23000    -0.012600804614
1.24000    -0.012785339881
1.25000    -0.013251532733
1.26000    -0.013887679334
1.27000    -0.014587988310
1.28000    -0.015158577824
1.29000    -0.015627907756
1.30000    -0.015992231096
1.31000    -0.016481275258
1.32000    -0.017161658944
1.33000    -0.017717248250
1.34000    -0.018473135890
1.35000    -0.018982653396
1.36000    -0.019503631805
1.37000    -0.020122709662
1.38000    -0.020873804107
1.39000    -0.021778722891
1.40000    -0.022802351415
1.41000    -0.023882970218
1.42000    -0.024865885378
1.43000    -0.025868415972
1.44000    -0.026809764813
1.45000    -0.027728695581
1.46000    -0.028734582804
1.47000    -0.029845569996
1.48000    -0.030586838531
1.49000    -0.030817339043
1.50000    -0.030793172822
1.51000    -0.030645802298
1.52000    -0.030566557083
1.53000    -0.030744435942
1.54000    -0.031169656845
1.55000    -0.032302345574
1.56000    -0.033333447627
1.57000    -0.034522579380
1.58000    -0.036019984006
1.59000    -0.037684462720
1.60000    -0.039460892093
1.61000    -0.041278400717
1.62000    -0.043185513884
1.63000    -0.044981436740
1.64000    -0.046517436008
1.65000    -0.047574588098
1.66000    -0.048337135990
1.67000    -0.048851884917
1.68000    -0.049106974531
1.69000    -0.049247689594
1.70000    -0.049345558011
1.71000    -0.049493887429
1.72000    -0.049726783037
1.73000    -0.050173128037
1.74000    -0.050736856830
1.75000    -0.051493472349
1.76000    -0.052430971132
1.77000    -0.053618558767
1.78000    -0.055103455878
1.79000    -0.056692924953
1.80000    -0.058452047590
1.81000    -0.060257604132
1.82000    -0.062221026277
1.83000    -0.064214671348
1.84000    -0.066364013303
1.85000    -0.068633360509
1.86000    -0.071308907492
1.87000    -0.073897471571
1.88000    -0.076654443214
1.89000    -0.078922116273
1.90000    -0.081127271446
1.91000    -0.082791116534
1.92000    -0.084293672660
1.93000    -0.085701750666
1.94000    -0.087273071035
1.95000    -0.088937306251
1.96000    -0.090694145738
1.97000    -0.092418842262
1.98000    -0.094125546259
1.99000    -0.095844784422
2.00000    -0.097456964891
2.01000    -0.099021690862
2.02000    -0.100659279725
2.03000    -0.102107803806
2.04000    -0.103521291722
2.05000    -0.104617219815
2.06000    -0.105749400108
2.07000    -0.106984906375
2.08000    -0.108312664905
2.09000    -0.109865600049
2.10000    -0.111633456987
2.11000    -0.113506574278
2.12000    -0.115356342943
2.13000    -0.117262242660
2.14000    -0.119114249573
2.15000    -0.120872049233
2.16000    -0.122540078178
2.17000    -0.124109312795
2.18000    -0.125757118029
2.19000    -0.127663556988
2.20000    -0.129902175956
2.21000    -0.132599691729
2.22000    -0.135513232642
2.23000    -0.138639526210
2.24000    -0.141553291227
2.25000    -0.144495728682
2.26000    -0.147153795900
2.27000    -0.149549537375
2.28000    -0.151849307262
2.29000    -0.154379047482
2.30000    -0.156828009670
2.31000    -0.159532381544
2.32000    -0.162379281822
2.33000    -0.164628754980
2.34000    -0.166018471324
2.35000    -0.166684078984
2.36000    -0.167110576705
2.37000    -0.167746180777
2.38000    -0.168528551528
2.39000    -0.169701106385
2.40000    -0.170863560228
2.41000    -0.172077846455
2.42000    -0.173409701311
2.43000    -0.174845275417
2.44000    -0.176638799650
2.45000    -0.178589314129
2.46000    -0.180553577912
2.47000    -0.182691512654
2.48000    -0.184980060645
2.49000    -0.187501387221
2.50000    -0.190173675205
2.51000    -0.192988233285
2.52000    -0.195846186249
2.53000    -0.198731739844
2.54000    -0.201629863721
2.55000    -0.204470773229
2.56000    -0.207263499695
2.57000    -0.209973026127
2.58000    -0.212472381931
2.59000    -0.214650467134
2.60000    -0.216465867098
2.61000    -0.217875403189
2.62000    -0.218835558833
2.63000    -0.219713125698
2.64000    -0.220842615681
2.65000    -0.222200477161
2.66000    -0.223902235619
2.67000    -0.225945054068
2.68000    -0.228183070378
2.69000    -0.230551035142
2.70000    -0.232850623389
2.71000    -0.235293394504
2.72000    -0.237865333239
2.73000    -0.240831136932
2.74000    -0.243417253756
2.75000    -0.245815858310
2.76000    -0.247961253127
2.77000    -0.250147976403
2.78000    -0.252344854713
2.79000    -0.254222506127
2.80000    -0.255817280181
2.81000    -0.257329654745
2.82000    -0.258726359302
2.83000    -0.260095552203
2.84000    -0.261492885802
2.85000    -0.262926043556
2.86000    -0.264344447858
2.87000    -0.265665809875
2.88000    -0.267039472495
2.89000    -0.268574568390
2.90000    -0.270303702872
2.91000    -0.272180202268
2.92000    -0.274203512921
2.93000    -0.276223058294
2.94000    -0.278523786306
2.95000    -0.281136287355
2.96000    -0.284024940218
2.97000    -0.286875082130
2.98000    -0.289619973549
2.99000    -0.291901807107
3.00000    -0.293867250501
3.01000    -0.295543442920
3.02000    -0.297187490767
3.03000    -0.298970249528
3.04000    -0.301100116439
3.05000    -0.303613797652
3.06000    -0.306489686761
3.07000    -0.309417840141
3.08000    -0.312235214581
3.09000    -0.314809908694
3.10000    -0.317345386540
3.11000    -0.319802526771
3.12000    -0.322673824634
3.13000    -0.325394697349
3.14000    -0.328020606908
3.15000    -0.330181675999
3.16000    -0.332132341137
3.17000    -0.333983478862
3.18000    -0.335850311397
3.19000    -0.337671395927
3.20000    -0.339497568813
3.21000    -0.341159617740
3.22000    -0.342823780444
3.23000    -0.344598210334
3.24000    -0.346625159453
3.25000    -0.348964381763
3.26000    -0.351562403993
3.27000    -0.354430836852
3.28000    -0.357524786166
3.29000    -0.360874112320
3.30000    -0.364298211892
3.31000    -0.367642189799
3.32000    -0.370474563798
3.33000    -0.372843086642
3.34000    -0.374599451611
3.35000    -0.375937585881
3.36000    -0.377086208055
3.37000    -0.378306991568
3.38000    -0.379517038431
3.39000    -0.380846934832
3.40000    -0.381486661670
3.41000    -0.381657821146
3.42000    -0.381503410102
3.43000    -0.381448267798
3.44000    -0.381848169111
3.45000    -0.382764829718
3.46000    -0.384013935922
3.47000    -0.385245495954
3.48000    -0.386362124959
3.49000    -0.387281423310
3.50000    -0.388204368971
3.51000    -0.389469629076
3.52000    -0.390766607452
3.53000    -0.392134439058
3.54000    -0.392889194471
3.55000    -0.393449311276
3.56000    -0.393691760202
3.57000    -0.393981444651
3.58000    -0.394437604133
3.59000    -0.395107191846
3.60000    -0.395803537885
3.61000    -0.396463538781
3.62000    -0.397049717573
3.63000    -0.397580649214
3.64000    -0.398059420663
3.65000    -0.398539275015
3.66000    -0.399034418347
3.67000    -0.399634638539
3.68000    -0.400198423410
3.69000    -0.400744492557
3.70000    -0.401450296814
3.71000    -0.402380097237
3.72000    -0.403422695521
3.73000    -0.404451246334
3.74000    -0.405367124830
3.75000    -0.406120069072
3.76000    -0.406619453094
3.77000    -0.406992198347
3.78000    -0.407355554999
3.79000    -0.407535763037
3.80000    -0.407797375455
3.81000    -0.407973029992
3.82000    -0.408350400416
3.83000    -0.408778840784
3.84000    -0.409459159345
3.85000    -0.410394749391
3.86000    -0.411231264729
3.87000    -0.411745368055
3.88000    -0.412126546895
3.89000    -0.412565289668
3.90000    -0.413197623829
3.91000    -0.414102203359
3.92000    -0.415247299134
3.93000    -0.416315543948
3.94000    -0.417347522112
3.95000    -0.418337310076
3.96000    -0.419235475268
3.97000    -0.420047833383
3.98000    -0.420939200146
3.99000    -0.421766300856
4.00000    -0.422567322820
4.01000    -0.423275123696
4.02000    -0.423845848159
4.03000    -0.424353026356
4.04000    -0.424820003596
4.05000    -0.425401176605
4.06000    -0.426234784821
4.07000    -0.427436447236
4.08000    -0.429041680021
4.09000    -0.431115395558
4.10000    -0.433328124706
4.11000    -0.435433561011
4.12000    -0.437223299290
4.13000    -0.438820724049
4.14000    -0.440138439820
4.15000    -0.441224075400
4.16000    -0.441915145626
4.17000    -0.441969389560
4.18000    -0.441917792469
4.19000    -0.441739442293
4.20000    -0.441583289494
4.21000    -0.441647057549
4.22000    -0.442013928926
4.23000    -0.442557686225
4.24000    -0.443112691461
4.25000    -0.443599714421
4.26000    -0.443969948464
4.27000    -0.444426107777
4.28000    -0.445104105659
4.29000    -0.445862458671
4.30000    -0.446649933934
4.31000    -0.447433840931
4.32000    -0.448195315684
4.33000    -0.448916075670
4.34000    -0.449729694685
4.35000    -0.450635291570
4.36000    -0.451516711099
4.37000    -0.452365822185
4.38000    -0.453255007267
4.39000    -0.453951912350
4.40000    -0.454628882020
4.41000    -0.455075490545
4.42000    -0.455367456561
4.43000    -0.455374699120
4.44000    -0.455204370951
4.45000    -0.455083003599
4.46000    -0.455181589872
4.47000    -0.455311776825
4.48000    -0.455303330858
4.49000    -0.455247663749
4.50000    -0.454946702086
4.51000    -0.454575496404
4.52000    -0.453876003486
4.53000    -0.453102853568
4.54000    -0.452287391090
4.55000    -0.451679526511
4.56000    -0.451301151856
4.57000    -0.450962859517
4.58000    -0.450906981248
4.59000    -0.451068709836
4.60000    -0.451395666138
4.61000    -0.451714749362
4.62000    -0.451701659557
4.63000    -0.451425700044
4.64000    -0.451111223030
4.65000    -0.451022375965
4.66000    -0.451139849000
4.67000    -0.451462696271
4.68000    -0.451930151209
4.69000    -0.452238214650
4.70000    -0.452454649903
4.71000    -0.452696130527
4.72000    -0.452879477728
4.73000    -0.453228644610
4.74000    -0.453754403862
4.75000    -0.454326371165
4.76000    -0.455005569086
4.77000    -0.455591305650
4.78000    -0.456305848009
4.79000    -0.457074816833
4.80000    -0.457890321881
4.81000    -0.458720871474
4.82000    -0.459954644401
4.83000    -0.461455374338
4.84000    -0.462785111709
4.85000    -0.463959504619
4.86000    -0.464730098973
4.87000    -0.465297240999
4.88000    -0.465872530048
4.89000    -0.466199215580
4.90000    -0.466575004084
4.91000    -0.466726850207
4.92000    -0.466810719277
4.93000    -0.466747647269
4.94000    -0.466678548137
4.95000    -0.466828284815
4.96000    -0.467166628155
4.97000    -0.467515644612
4.98000    -0.468016574603
4.99000    -0.468088797631
5.00000    -0.467790423630
5.01000    -0.467394224154
5.02000    -0.466868914531
5.03000    -0.466236797176
5.04000    -0.465429328732
5.05000    -0.464096267953
5.06000    -0.462889116092
5.07000    -0.461869785497
5.08000    -0.460822724292
5.09000    -0.460299073879
5.10000    -0.460069230354
5.11000    -0.460140409305
5.12000    -0.460603767944
5.13000    -0.461125206396
5.14000    -0.461710934274
5.15000    -0.462227606582
5.16000    -0.462495882843
5.17000    -0.462373861162
5.18000    -0.462274370942
5.19000    -0.462063335549
5.20000    -0.461774225385
5.21000    -0.461350340481
5.22000    -0.461049927614
5.23000    -0.460708426396
5.24000    -0.460414689313
5.25000    -0.459934299001
5.26000    -0.459311596007
5.27000    -0.458387851184
5.28000    -0.457571803356
5.29000    -0.456659304680
5.30000    -0.455838261878
5.31000    -0.455093283870
5.32000    -0.454514282570
5.33000    -0.454089707940
5.34000    -0.453789649055
5.35000    -0.453387186777
5.36000    -0.453028271501
5.37000    -0.452672663757
5.38000    -0.452083449909
5.39000    -0.451148464589
5.40000    -0.450044161809
5.41000    -0.448512291350
5.42000    -0.446985405117
5.43000    -0.445523357256
5.44000    -0.443855725002
5.45000    -0.442066008047
5.46000    -0.440270096950
5.47000    -0.439530874778
5.48000    -0.439339822629
5.49000    -0.439875518453
5.50000    -0.440951573681
5.51000    -0.441799131354
5.52000    -0.442374599951
5.53000    -0.442750790382
5.54000    -0.442809671953
5.55000    -0.442776234128
5.56000    -0.442705363841
5.57000    -0.442657071903
5.58000    -0.442560542624
5.59000    -0.442390151257
5.60000    -0.441984394032
5.61000    -0.441316023642
5.62000    -0.440282937382
5.63000    -0.439206457564
5.64000    -0.437873450835
5.65000    -0.436613010750
5.66000    -0.435500093395
5.67000    -0.434449872246
5.68000    -0.433895840655
5.69000    -0.433555366469
5.70000    -0.433339650188
5.71000    -0.433607200914
5.72000    -0.433812540698
5.73000    -0.433677666347
5.74000    -0.433368519362
5.75000    -0.432935767591
5.76000    -0.432253515163
5.77000    -0.431347910775
5.78000    -0.430262478132
5.79000    -0.429006373833
5.80000    -0.427673397968
5.81000    -0.426306118591
5.82000    -0.424863220284
5.83000    -0.423326446930
5.84000    -0.421716612695
5.85000    -0.420192935046
5.86000    -0.418734259525
5.87000    -0.417371933768
5.88000    -0.415851716813
5.89000    -0.414064673014
5.90000    -0.412442417117
5.91000    -0.411188743618
5.92000    -0.410401332193
5.93000    -0.410174038684
5.94000    -0.410523835993
5.95000    -0.410795006712
5.96000    -0.410887391175
5.97000    -0.410298010864
5.98000    -0.409310401890
5.99000    -0.408002829836
6.00000    -0.406282016426
6.01000    -0.404579173482
6.02000    -0.403001843943
6.03000    -0.401468092740
6.04000    -0.399907444379
6.05000    -0.398217521136
6.06000    -0.396412615905
6.07000    -0.394540906294
6.08000    -0.392622834479
6.09000    -0.390782261577
6.10000    -0.389156388580
6.11000    -0.387499015572
6.12000    -0.385770114329
6.13000    -0.383685840686
6.14000    -0.381470046502
6.15000    -0.379053910171
6.16000    -0.376656239836
6.17000    -0.374213761578
6.18000    -0.371701295745
6.19000    -0.369082347638
6.20000    -0.366464144370
6.21000    -0.363864526844
6.22000    -0.361146124731
6.23000    -0.358411184530
6.24000    -0.355754842941
6.25000    -0.353187568189
6.26000    -0.350614290730
6.27000    -0.348052264482
6.28000    -0.345584161459
6.29000    -0.343234699303
6.30000    -0.341086016554
6.31000    -0.338919328814
6.32000    -0.336746659294
6.33000    -0.334319001319
6.34000    -0.332068455827
6.35000    -0.329759071109
6.36000    -0.327475909702
6.37000    -0.325397102308
6.38000    -0.323360579808
6.39000    -0.321462346258
6.40000    -0.319450513603
6.41000    -0.317374868186
6.42000    -0.315183982628
6.43000    -0.312879485542
6.44000    -0.310507195996
6.45000    -0.308241534909
6.46000    -0.306152377977
6.47000    -0.304002175061
6.48000    -0.301675039220
6.49000    -0.299164928921
6.50000    -0.296443417852
6.51000    -0.293830413194
6.52000    -0.291116038951
6.53000    -0.288463162986
6.54000    -0.285752833369
6.55000    -0.283091338537
6.56000    -0.280687886835
6.57000    -0.278568422613
6.58000    -0.276709354195
6.59000    -0.274898206313
6.60000    -0.273103385753
6.61000    -0.271370843979
6.62000    -0.269680544797
6.63000    -0.267761563928
6.64000    -0.265764825289
6.65000    -0.263496334354
6.66000    -0.261081935073
6.67000    -0.258487083701
6.68000    -0.255542227386
6.69000    -0.252419324789
6.70000    -0.248842499411
6.71000    -0.245427039195
6.72000    -0.241583084091
6.73000    -0.237776522260
6.74000    -0.234159053381
6.75000    -0.230701673257
6.76000    -0.227317921955
6.77000    -0.223938980404
6.78000    -0.220413295557
6.79000    -0.216849139959
6.80000    -0.213100163413
6.81000    -0.209094635815
6.82000    -0.205254423098
6.83000    -0.201725775586
6.84000    -0.198795992573
6.85000    -0.196141355622
6.86000    -0.193551777460
6.87000    -0.191059630567
6.88000    -0.188491270825
6.89000    -0.185753539260
6.90000    -0.182952485233
6.91000    -0.180010430997
6.92000    -0.176860656530
6.93000    -0.173460463635
6.94000    -0.169681631128
6.95000    -0.165680236112
6.96000    -0.161661023210
6.97000    -0.157698806989
6.98000    -0.153826024072
6.99000    -0.149973403081
7.00000    -0.146121278481
7.01000    -0.142069548919
7.02000    -0.137908462756
7.03000    -0.133895763213
7.04000    -0.129896085115
7.05000    -0.126040722631
7.06000    -0.122342968553
7.07000    -0.118593033183
7.08000    -0.114738406576
7.09000    -0.110898670077
7.10000    -0.107634152745
7.11000    -0.104794083633
7.12000    -0.102295294972
7.13000    -0.099796142644
7.14000    -0.097321477494
7.15000    -0.094905907949
7.16000    -0.092421388192
7.17000    -0.089673930307
7.18000    -0.086871010982
7.19000    -0.083789353253
7.20000    -0.080591180077
7.21000    -0.077264254851
7.22000    -0.073895076594
7.23000    -0.070539039228
7.24000    -0.067389414041
7.25000    -0.064423684624
7.26000    -0.061694006866
7.27000    -0.059178753342
7.28000    -0.056488073881
7.29000    -0.053637672645
7.30000    -0.050568525491
7.31000    -0.047528828893
7.32000    -0.044538257049
7.33000    -0.041514976703
7.34000    -0.038373960619
7.35000    -0.035252681897
7.36000    -0.032119946192
7.37000    -0.029451349409
7.38000    -0.027017749493
7.39000    -0.025047912798
7.40000    -0.023359251284
7.41000    -0.021778984962
7.42000    -0.019917881449
7.43000    -0.017720171800
7.44000    -0.015275352155
7.45000    -0.012812524526
7.46000    -0.010489220327
7.47000    -0.008235617169
7.48000    -0.005967431136
7.49000    -0.003408923178
7.50000    -0.000774759768
7.51000    0.002212121168
7.52000    0.005291542755
7.53000    0.008344304810
7.54000    0.011143163451
7.55000    0.013774263793
7.56000    0.016270935083
7.57000    0.018611210079
7.58000    0.020853721489
7.59000    0.023105782651
7.60000    0.025402889168
7.61000    0.027660152195
7.62000    0.030043787762
7.63000    0.032408371173
7.64000    0.034829337963
7.65000    0.037161798940
7.66000    0.039393816123
7.67000    0.041374424080
7.68000    0.042912358805
7.69000    0.043577570081
7.70000    0.043406476063
7.71000    0.042716033814
7.72000    0.041596251235
7.73000    0.040213250129
7.74000    0.038552546480
7.75000    0.036695421672
7.76000    0.034854673545
7.77000    0.033230179692
7.78000    0.032018565378
7.79000    0.030786016930
7.80000    0.029111441102
7.81000    0.026980205958
7.82000    0.024582666295
7.83000    0.021931944110
7.84000    0.019176077048
7.85000    0.016405695827
7.86000    0.013989621671
7.87000    0.012016773912
7.88000    0.010210051973
7.89000    0.008712879025
7.90000    0.007346711157
7.91000    0.006797548098
7.92000    0.006593958330
7.93000    0.006780413975
7.94000    0.007139047638
7.95000    0.007389180609
7.96000    0.007448216100
7.97000    0.007309156314
7.98000    0.006949685095
7.99000    0.006487384002
8.00000    0.005919775880
8.01000    0.005171215561
8.02000    0.004195536193
8.03000    0.003109567200
8.04000    0.002127877328
8.05000    0.001348352189
8.06000    0.000650584223
8.07000    0.000145859377
8.08000    -0.000117044377
8.09000    -0.000155728952
8.10000    -0.000247050210
8.11000    -0.000194967750
8.12000    -0.000112704034
8.13000    0.000326623918
8.14000    0.000860877855
8.15000    0.001906203497
8.16000    0.003127679854
8.17000    0.004097618896
8.18000    0.004793966155
8.19000    0.005261547522
8.20000    0.005474614133
8.21000    0.005391807833
8.22000    0.005102864974
8.23000    0.004655805070
8.24000    0.004264382938
8.25000    0.003782297081
8.26000    0.003327522343
8.27000    0.002880679887
8.28000    0.002431493190
8.29000    0.002008358215
8.30000    0.001550111519
8.31000    0.001050767068
8.32000    0.000538665262
8.33000    -0.000066708281
8.34000    -0.000696274940
8.35000    -0.001420701207
8.36000    -0.002339186238
8.37000    -0.003404572829
8.38000    -0.004577691954
8.39000    -0.005979072017
8.40000    -0.007621218457
8.41000    -0.009469284965
8.42000    -0.011566260122
8.43000    -0.013928290271
8.44000    -0.016645260418
8.45000    -0.019635336876
8.46000    -0.022515510059
8.47000    -0.025309523791
8.48000    -0.027976790539
8.49000    -0.030936460531
8.50000    -0.033937359065
8.51000    -0.037402621573
8.52000    -0.040678325036
8.53000    -0.043772518136
8.54000    -0.046144406517
8.55000    -0.048410114228
8.56000    -0.050865146660
8.57000    -0.053516532920
8.58000    -0.056473538620
8.59000    -0.059780257487
8.60000    -0.063195212574
8.61000    -0.066609157326
8.62000    -0.070067477352
8.63000    -0.073332729875
8.64000    -0.076950244326
8.65000    -0.080925225966
8.66000    -0.085553771250
8.67000    -0.090360422935
8.68000    -0.095283565843
8.69000    -0.100263116574
8.70000    -0.105300862904
8.71000    -0.110377902551
8.72000    -0.115482065692
8.73000    -0.120583591074
8.74000    -0.125598215152
8.75000    -0.130600337161
8.76000    -0.135867312974
8.77000    -0.141190010917
8.78000    -0.146456622875
8.79000    -0.151312746495
8.80000    -0.155831593470
8.81000    -0.159798953006
8.82000    -0.163328805149
8.83000    -0.166330399210
8.84000    -0.168845213842
8.85000    -0.171068584755
8.86000    -0.173203389377
8.87000    -0.175296278621
8.88000    -0.177274220521
8.89000    -0.179304004990
8.90000    -0.181245444187
8.91000    -0.183197918276
8.92000    -0.185040130422
8.93000    -0.186990814600
8.94000    -0.189382458249
8.95000    -0.192748865440
8.96000    -0.197244038616
8.97000    -0.202630690566
8.98000    -0.208418129087
8.99000    -0.213798784269
9.00000    -0.218724128941
9.01000    -0.223001609266
9.02000    -0.226640112012
9.03000    -0.229849403876
9.04000    -0.232490595997
9.05000    -0.234551543668
9.06000    -0.235912731250
9.07000    -0.236677548075
9.08000    -0.236916034329
9.09000    -0.236868997816
9.10000    -0.236845728947
9.11000    -0.236890436627
9.12000    -0.237082819511
9.13000    -0.237594206999
9.14000    -0.238435007159
9.15000    -0.239706822986
9.16000    -0.241347748213
9.17000    -0.243358373612
9.18000    -0.245620126723
9.19000    -0.248031442940
9.20000    -0.250652523205
9.21000    -0.253463091494
9.22000    -0.256415491381
9.23000    -0.259586504352
9.24000    -0.262881911112
9.25000    -0.266119430524
9.26000    -0.269495096082
9.27000    -0.272673515025
9.28000    -0.276007166397
9.29000    -0.278902517642
9.30000    -0.281914196696
9.31000    -0.285234650962
9.32000    -0.288824946896
9.33000    -0.292845777814
9.34000    -0.297364183840
9.35000    -0.302077804297
9.36000    -0.307019538197
9.37000    -0.312065042864
9.38000    -0.317287237012
9.39000    -0.322861582609
9.40000    -0.328922249853
9.41000    -0.335127071123
9.42000    -0.341363766804
9.43000    -0.346920822738
9.44000    -0.351539738670
9.45000    -0.355044740979
9.46000    -0.357420421697
9.47000    -0.359103378464
9.48000    -0.360665859900
9.49000    -0.362386987042
9.50000    -0.364497768588
9.51000    -0.367273609980
9.52000    -0.370458340064
9.53000    -0.373669252937
9.54000    -0.376896413569
9.55000    -0.379952978959
9.56000    -0.382944560126
9.57000    -0.386351711772
9.58000    -0.389902980146
9.59000    -0.393284815308
9.60000    -0.396343999391
9.61000    -0.399035598785
9.62000    -0.401254677040
9.63000    -0.403266001456
9.64000    -0.404985835054
9.65000    -0.406521288657
9.66000    -0.408020879891
9.67000    -0.409116148304
9.68000    -0.410000027611
9.69000    -0.410378858699
9.70000    -0.410779043250
9.71000    -0.411249721872
9.72000    -0.411811607278
9.73000    -0.412223189058
9.74000    -0.413089354170
9.75000    -0.413990437231
9.76000    -0.414912656512
9.77000    -0.415129115293
9.78000    -0.414637571540
9.79000    -0.414389674547
9.80000    -0.414476516268
9.81000    -0.414785556381
9.82000    -0.415412070727
9.83000    -0.416136254442
9.84000    -0.417113641455
9.85000    -0.417901420312
9.86000    -0.418683271180
9.87000    -0.419511656293
9.88000    -0.420608251497
9.89000    -0.421878538885
9.90000    -0.423351611559
9.91000    -0.424718897966
9.92000    -0.425759793705
9.93000    -0.426584782256
9.94000    -0.427166811813
9.95000    -0.427615485224
9.96000    -0.427757743814
9.97000    -0.427775433171
9.98000    -0.427486475682
9.99000    -0.426970288980
10.00000    -0.425924905476
10.01000    -0.424538521881
10.02000    -0.423166018262
10.03000    -0.422154397947
10.04000    -0.421464136503
10.05000    -0.421250423372
10.06000    -0.421410916023
10.07000    -0.421611234388
10.08000    -0.422243468167
10.09000    -0.423030714439
10.10000    -0.424086760415
10.11000    -0.425337124625
10.12000    -0.426784103995
10.13000    -0.428281292536
10.14000    -0.429683411329
10.15000    -0.430968402207
10.16000    -0.432327810523
10.17000    -0.433616047776
10.18000    -0.434702797240
10.19000    -0.435540738320
10.20000    -0.435953096850
10.21000    -0.435557892741
10.22000    -0.434760980109
10.23000    -0.433711872633
10.24000    -0.432879813466
10.25000    -0.432393414549
10.26000    -0.432221573882
10.27000    -0.432453176337
10.28000    -0.433024244210
10.29000    -0.434041273222
10.30000    -0.435400083986
10.31000    -0.437008805071
10.32000    -0.438669863222
10.33000    -0.440318902515
10.34000    -0.441897599984
10.35000    -0.443391705094
10.36000    -0.444914460270
10.37000    -0.446447549679
10.38000    -0.447895046815
10.39000    -0.449227250914
10.40000    -0.450352443414
10.41000    -0.451140572938
10.42000    -0.451452676888
10.43000    -0.452154125758
10.44000    -0.452935825788
10.45000    -0.453506562024
10.46000    -0.453838650193
10.47000    -0.453932454849
10.48000    -0.453762150638
10.49000    -0.453685061111
10.50000    -0.453474809983
10.51000    -0.453331560707
10.52000    -0.453282066268
10.53000    -0.453426925156
10.54000    -0.453601545077
10.55000    -0.454104599582
10.56000    -0.454637609673
10.57000    -0.455153859127
10.58000    -0.455447718338
10.59000    -0.455471535350
10.60000    -0.455269529544
10.61000    -0.455128482267
10.62000    -0.455554455597
10.63000    -0.456437640330
10.64000    -0.457473656030
10.65000    -0.458360462887
10.66000    -0.458822805231
10.67000    -0.458818111360
10.68000    -0.458522507161
10.69000    -0.458056024727
10.70000    -0.457756375834
10.71000    -0.457557047189
10.72000    -0.457282042830
10.73000    -0.457046585332
10.74000    -0.456640271955
10.75000    -0.455776849657
10.76000    -0.454892605869
10.77000    -0.454073100301
10.78000    -0.453904841600
10.79000    -0.454060559615
10.80000    -0.454632717509
10.81000    -0.455306730551
10.82000    -0.456173592009
10.83000    -0.457081649897
10.84000    -0.458076076671
10.85000    -0.458663357119
10.86000    -0.459007807981
10.87000    -0.459135201766
10.88000    -0.459452468928
10.89000    -0.459948820301
10.90000    -0.460959253122
10.91000    -0.462079449116
10.92000    -0.462870874646
10.93000    -0.463371668789
10.94000    -0.463810594661
10.95000    -0.464185912997
10.96000    -0.464493137966
10.97000    -0.464726210154
10.98000    -0.464989707173
10.99000    -0.465161026488
11.00000    -0.465596338044
11.01000    -0.466246200745
11.02000    -0.466858620828
11.03000    -0.467298411613
11.04000    -0.467653782788
11.05000    -0.468429130939
11.06000    -0.468891370600
11.07000    -0.469117558851
11.08000    -0.469227897889
11.09000    -0.469251343136
11.10000    -0.469007803929
11.11000    -0.468978451040
11.12000    -0.468811204951
11.13000    -0.468965272567
11.14000    -0.469301152548
11.15000    -0.469607912723
11.16000    -0.469841234964
11.17000    -0.470019114590
11.18000    -0.470184615027
11.19000    -0.470290338833
11.20000    -0.470538773250
11.21000    -0.470797895549
11.22000    -0.470801334280
11.23000    -0.470567291021
11.24000    -0.470105833959
11.25000    -0.469593780142
11.26000    -0.469330241241
11.27000    -0.468833129807
11.28000    -0.467925445123
11.29000    -0.466769651275
11.30000    -0.465811496236
11.31000    -0.465248238713
11.32000    -0.465051933635
11.33000    -0.464999958707
11.34000    -0.465737505009
11.35000    -0.466585382583
11.36000    -0.466892443438
11.37000    -0.467061231070
11.38000    -0.466716131421
11.39000    -0.466528314154
11.40000    -0.466557960229
11.41000    -0.466563999346
11.42000    -0.466369880456
11.43000    -0.465991390707
11.44000    -0.465996900666
11.45000    -0.465641779446
11.46000    -0.465112462602
11.47000    -0.464229111254
11.48000    -0.463101755878
11.49000    -0.461756753451
11.50000    -0.460293390800
11.51000    -0.459180721353
11.52000    -0.457905973694
11.53000    -0.456988404199
11.54000    -0.456353428367
11.55000    -0.455902565604
11.56000    -0.455687032839
11.57000    -0.455399422794
11.58000    -0.455106771266
11.59000    -0.454702386479
11.60000    -0.454179242334
11.61000    -0.453436391845
11.62000    -0.452604156306
11.63000    -0.451412602948
11.64000    -0.450001258521
11.65000    -0.448339195957
11.66000    -0.446460109049
11.67000    -0.444305233711
11.68000    -0.442138204392
11.69000    -0.440273328228
11.70000    -0.438949269112
11.71000    -0.437981093975
11.72000    -0.437214308125
11.73000    -0.436671738598
11.74000    -0.435903443679
11.75000    -0.434942080740
11.76000    -0.433831342681
11.77000    -0.432659360786
11.78000    -0.431325479501
11.79000    -0.430155804343
11.80000    -0.428942377987
11.81000    -0.427467966545
11.82000    -0.425604775549
11.83000    -0.422993122064
11.84000    -0.420289928296
11.85000    -0.417597569787
11.86000    -0.414934558763
11.87000    -0.412514053455
11.88000    -0.409749673221
11.89000    -0.406561121484
11.90000    -0.403407946120
11.91000    -0.400073859077
11.92000    -0.396616549275
11.93000    -0.393017886122
11.94000    -0.389422730429
11.95000    -0.386141158740
11.96000    -0.383151568176
11.97000    -0.380225411678
11.98000    -0.377601515449
11.99000    -0.375078946435
12.00000    -0.372620173090
12.01000    -0.370388157136
12.02000    -0.368489470504
12.03000    -0.366486315856
12.04000    -0.364165565849
12.05000    -0.361422080124
12.06000    -0.358415284240
12.07000    -0.355338281897
12.08000    -0.352250949767
12.09000    -0.348954278067
12.10000    -0.345023938954
12.11000    -0.341019363218
12.12000    -0.336854231008
12.13000    -0.332498724342
12.14000    -0.328124173869
12.15000    -0.323692664969
12.16000    -0.319253692196
12.17000    -0.314971541881
12.18000    -0.310782696123
12.19000    -0.306678341997
12.20000    -0.302798811935
12.21000    -0.298948807852
12.22000    -0.295270336439
12.23000    -0.291586329750
12.24000    -0.288420364699
12.25000    -0.285564773617
12.26000    -0.282778424366
12.27000    -0.280199881898
12.28000    -0.277759203159
12.29000    -0.275304694215
12.30000    -0.272703455161
12.31000    -0.269973181197
12.32000    -0.267025322287
12.33000    -0.263806260008
12.34000    -0.260196677614
12.35000    -0.256340703629
12.36000    -0.252312598778
12.37000    -0.248335405149
12.38000    -0.244330453607
12.39000    -0.240369019939
12.40000    -0.236387154252
12.41000    -0.232555007263
12.42000    -0.229113156047
12.43000    -0.226108383281
12.44000    -0.223278926872
12.45000    -0.220534570249
12.46000    -0.217982600873
12.47000    -0.215613011001
12.48000    -0.213368508255
12.49000    -0.211212071054
12.50000    -0.208944015152
12.51000    -0.206581425349
12.52000    -0.204079694768
12.53000    -0.201484847565
12.54000    -0.198672118557
12.55000    -0.195942867252
12.56000    -0.193230242394
12.57000    -0.190479793704
12.58000    -0.187805229882
12.59000    -0.185064639867
12.60000    -0.182197352368
12.61000    -0.179404766436
12.62000    -0.176548349889
12.63000    -0.173831462264
12.64000    -0.171251943348
12.65000    -0.168668235477
12.66000    -0.166044982888
12.67000    -0.163352303993
12.68000    -0.160510124914
12.69000    -0.157666195529
12.70000    -0.154982025270
12.71000    -0.152887809348
12.72000    -0.150999251599
12.73000    -0.149206106744
12.74000    -0.147656056856
12.75000    -0.146137418625
12.76000    -0.144542431748
12.77000    -0.142963876667
12.78000    -0.141382925275
12.79000    -0.139779858636
12.80000    -0.138305135034
12.81000    -0.136566614174
12.82000    -0.134880287385
12.83000    -0.132799730033
12.84000    -0.130494553026
12.85000    -0.128052228596
12.86000    -0.125574437939
12.87000    -0.123043420122
12.88000    -0.120633153313
12.89000    -0.118251411892
12.90000    -0.115933598907
12.91000    -0.113865250229
12.92000    -0.111913768482
12.93000    -0.110083643660
12.94000    -0.108064685677
12.95000    -0.105916009448
12.96000    -0.103948550355
12.97000    -0.102124891380
12.98000    -0.100385644034
12.99000    -0.098610174100
13.00000    -0.096771429933
13.01000    -0.094925463029
13.02000    -0.092949660621
13.03000    -0.091019667779
13.04000    -0.089067194579
13.05000    -0.087091169828
13.06000    -0.085093983430
13.07000    -0.083347871369
13.08000    -0.081606127753
13.09000    -0.079395290216
13.10000    -0.076933864059
13.11000    -0.074591333205
13.12000    -0.072239253212
13.13000    -0.069753994166
13.14000    -0.066793174669
13.15000    -0.063743853665
13.16000    -0.060524545996
13.17000    -0.057501806217
13.18000    -0.054704510628
13.19000    -0.051791132800
13.20000    -0.048716539427
13.21000    -0.045452311793
13.22000    -0.042036021064
13.23000    -0.038247041046
13.24000    -0.034089305064
13.25000    -0.029838239374
13.26000    -0.025480261229
13.27000    -0.020953700613
13.28000    -0.016191444643
13.29000    -0.011284176603
13.30000    -0.006343769972
13.31000    -0.001291495376
13.32000    0.003546882213
13.33000    0.007991808279
13.34000    0.011985221485
13.35000    0.015460724794
13.36000    0.018563752192
13.37000    0.021219868133
13.38000    0.023563600441
13.39000    0.025818521554
13.40000    0.027928304078
13.41000    0.029765076524
13.42000    0.031410367893
13.43000    0.032765854499
13.44000    0.033913245835
13.45000    0.035222837641
13.46000    0.036380334984
13.47000    0.037298092721
13.48000    0.037973111481
13.49000    0.038747094213
13.50000    0.039627423417
13.51000    0.040680289199
13.52000    0.041693310917
13.53000    0.042787282839
13.54000    0.044201048882
13.55000    0.045740245608
13.56000    0.047518561105
13.57000    0.049323229843
13.58000    0.051238863651
13.59000    0.053112619634
13.60000    0.055307063378
13.61000    0.057713036186
13.62000    0.059917380976
13.63000    0.061764260600
13.64000    0.063549326755
13.65000    0.065250171310
13.66000    0.066640445368
13.67000    0.067958643918
13.68000    0.069271745184
13.69000    0.070845344455
13.70000    0.072779455817
13.71000    0.074756491970
13.72000    0.076756270370
13.73000    0.078682758317
13.74000    0.080721183038
13.75000    0.082857303105
13.76000    0.084772450750
13.77000    0.087021280125
13.78000    0.089364630725
13.79000    0.091806963595
13.80000    0.094208330831
13.81000    0.096306274787
13.82000    0.098042815287
13.83000    0.099382236504
13.84000    0.100213028322
13.85000    0.100543728877
13.86000    0.100344777942
13.87000    0.099843975320
13.88000    0.098738888858
13.89000    0.097361723566
13.90000    0.096117803058
13.91000    0.094577617796
13.92000    0.092875547570
13.93000    0.090827500197
13.94000    0.088896518502
13.95000    0.086774626486
13.96000    0.084562915828
13.97000    0.082281434075
13.98000    0.080158996069
13.99000    0.078270332296
14.00000    0.076348197669
14.01000    0.074403524801
14.02000    0.073020726903
14.03000    0.071881000867
14.04000    0.071224172569
14.05000    0.070503244277
14.06000    0.070000654129
14.07000    0.069249542147
14.08000    0.068227209592
14.09000    0.066889304282
14.10000    0.065158466484
14.11000    0.063105671506
14.12000    0.060946940648
14.13000    0.058916692896
14.14000    0.056930819986
14.15000    0.055167216546
14.16000    0.053459509681
14.17000    0.051781100938
14.18000    0.050218754399
14.19000    0.049016594509
14.20000    0.047652057831
14.21000    0.045156177843
14.22000    0.042173493428
14.23000    0.039272349210
14.24000    0.036516288097
14.25000    0.033876208697
14.26000    0.031374419513
14.27000    0.029021475515
14.28000    0.026900309706
14.29000    0.025203187385
14.30000    0.023825797531
14.31000    0.022396068167
14.32000    0.020989918824
14.33000    0.019233278994
14.34000    0.017068692414
14.35000    0.014604366640
14.36000    0.011661412973
14.37000    0.008564682302
14.38000    0.005676330219
14.39000    0.002528183867
14.40000    -0.001228646390
14.41000    -0.005482288958
14.42000    -0.009555733823
14.43000    -0.013387618483
14.44000    -0.017331332366
14.45000    -0.020903414780
14.46000    -0.024257859142
14.47000    -0.027134742251
14.48000    -0.029866798962
14.49000    -0.032407130785
14.50000    -0.035142502721
14.51000    -0.038034911913
14.52000    -0.040787933908
14.53000    -0.043317204072
14.54000    -0.045621892846
14.55000    -0.047691547948
14.56000    -0.049819876688
14.57000    -0.051999863484
14.58000    -0.054341023213
14.59000    -0.056997353626
14.60000    -0.060025158390
14.61000    -0.063769351482
14.62000    -0.068031157848
14.63000    -0.072767340413
14.64000    -0.078075927233
14.65000    -0.083776749775
14.66000    -0.089679072530
14.67000    -0.095384080921
14.68000    -0.100902270343
14.69000    -0.106109926275
14.70000    -0.111040499521
14.71000    -0.115574368307
14.72000    -0.119719454880
14.73000    -0.123532121595
14.74000    -0.126970984456
14.75000    -0.130162093659
14.76000    -0.133085546970
14.77000    -0.135734200609
14.78000    -0.138630728560
14.79000    -0.141303095096
14.80000    -0.144212864999
14.81000    -0.147108340759
14.82000    -0.150317113878
14.83000    -0.153817560039
14.84000    -0.157581987320
14.85000    -0.161859975436
14.86000    -0.166664776477
14.87000    -0.171958398173
14.88000    -0.177659268441
14.89000    -0.183896244268
14.90000    -0.190132363538
14.91000    -0.196134148510
14.92000    -0.201747954183
14.93000    -0.206894132363
14.94000    -0.211719997024
14.95000    -0.215859756163
14.96000    -0.219181693496
14.97000    -0.221754830155
14.98000    -0.223705863461
14.99000    -0.225427085959
15.00000    -0.227076339523
15.01000    -0.228758421687
15.02000    -0.230630904883
15.03000    -0.232557662070
15.04000    -0.234630749327
15.05000    -0.236935224707
15.06000    -0.239504302934
15.07000    -0.242505160088
15.08000    -0.245976764541
15.09000    -0.249952101333
15.10000    -0.254238903977
15.11000    -0.258877128880
15.12000    -0.263672815656
15.13000    -0.268412833179
15.14000    -0.273173712471
15.15000    -0.277673817419
15.16000    -0.282020946635
15.17000    -0.286207351759
15.18000    -0.290200169977
15.19000    -0.293950603485
15.20000    -0.297612994585
15.21000    -0.301209268569
15.22000    -0.304875394417
15.23000    -0.308563806988
15.24000    -0.312347954463
15.25000    -0.316144013537
15.26000    -0.320044852448
15.27000    -0.323934932469
15.28000    -0.327605309962
15.29000    -0.331073986620
15.30000    -0.334326234845
15.31000    -0.337448645775
15.32000    -0.340219545343
15.33000    -0.342669489446
15.34000    -0.344792007530
15.35000    -0.346660161337
15.36000    -0.348346662879
15.37000    -0.350132079484
15.38000    -0.352001205025
15.39000    -0.353895171740
15.40000    -0.355774899670
15.41000    -0.357573576828
15.42000    -0.359457738385
15.43000    -0.361454856903
15.44000    -0.363626107992
15.45000    -0.365890751878
15.46000    -0.368077588384
15.47000    -0.370216944975
15.48000    -0.372408255442
15.49000    -0.374708708906
15.50000    -0.377143963471
15.51000    -0.379776500145
15.52000    -0.382266346984
15.53000    -0.384441778949
15.54000    -0.385824235857
15.55000    -0.386672665045
15.56000    -0.386976164386
15.57000    -0.387116370375
15.58000    -0.387464076086
15.59000    -0.388179847065
15.60000    -0.389184510762
15.61000    -0.390204353944
15.62000    -0.391144870306
15.63000    -0.391840160005
15.64000    -0.392494858838
15.65000    -0.393195654483
15.66000    -0.393820923366
15.67000    -0.394402243829
15.68000    -0.394728023621
15.69000    -0.395023839118
15.70000    -0.395299224050
15.71000    -0.395772760246
15.72000    -0.396490176225
15.73000    -0.397437274931
15.74000    -0.398588536904
15.75000    -0.399860309983
15.76000    -0.400973096349
15.77000    -0.401899500404
15.78000    -0.402688629335
15.79000    -0.403514088617
15.80000    -0.404492770448
15.81000    -0.405629926920
15.82000    -0.407224363122
15.83000    -0.409515221684
15.84000    -0.411850756981
15.85000    -0.414137378838
15.86000    -0.416190552256
15.87000    -0.417955135213
15.88000    -0.419705792139
15.89000    -0.421191542625
15.90000    -0.422361876952
15.91000    -0.423131229385
15.92000    -0.423779939873
15.93000    -0.424484176847
15.94000    -0.425292815157
15.95000    -0.426352563206
15.96000    -0.427666254211
15.97000    -0.429100238420
15.98000    -0.430204031038
15.99000    -0.431039069082
16.00000    -0.431888923171
16.01000    -0.432839413725
16.02000    -0.433772781135
16.03000    -0.434652786690
16.04000    -0.435482731830
16.05000    -0.436184625612
16.06000    -0.436694418206
16.07000    -0.437046013908
16.08000    -0.437342521801
16.09000    -0.437530340213
16.10000    -0.437641043210
16.11000    -0.437769904803
16.12000    -0.437799818110
16.13000    -0.437851005134
16.14000    -0.437905156956
16.15000    -0.438003261853
16.16000    -0.438024971499
16.17000    -0.437925450439
16.18000    -0.437760147904
16.19000    -0.437691266214
16.20000    -0.437834533202
16.21000    -0.438385402506
16.22000    -0.439138044465
16.23000    -0.440093384391
16.24000    -0.440819331831
16.25000    -0.441386645192
16.26000    -0.441710130485
16.27000    -0.441557969505
16.28000    -0.441125576733
16.29000    -0.440454906883
16.30000    -0.439716548820
16.31000    -0.438835173718
16.32000    -0.438344616378
16.33000    -0.438149857460
16.34000    -0.438302910270
16.35000    -0.438461606648
16.36000    -0.438607108151
16.37000    -0.438655128791
16.38000    -0.438695785549
16.39000    -0.438805665866
16.40000    -0.439089036793
16.41000    -0.439422937177
16.42000    -0.439881126129
16.43000    -0.440125193501
16.44000    -0.440247368355
16.45000    -0.440306488029
16.46000    -0.440660939531
16.47000    -0.441425255710
16.48000    -0.442431610769
16.49000    -0.443537175317
16.50000    -0.444700992806
16.51000    -0.445777701663
16.52000    -0.446902180645
16.53000    -0.448054992356
16.54000    -0.449245713482
16.55000    -0.450229051251
16.56000    -0.450919847120
16.57000    -0.451512234950
16.58000    -0.451987375092
16.59000    -0.452574510827
16.60000    -0.453491074403
16.61000    -0.454532464836
16.62000    -0.455136901836
16.63000    -0.455217453435
16.64000    -0.454699521491
16.65000    -0.453841911737
16.66000    -0.452795781268
16.67000    -0.451591723917
16.68000    -0.450500371742
16.69000    -0.449279243868
16.70000    -0.448210778849
16.71000    -0.447567404172
16.72000    -0.447405459005
16.73000    -0.447755077467
16.74000    -0.448272242916
16.75000    -0.448721760355
16.76000    -0.449163672232
16.77000    -0.449583703008
16.78000    -0.450198745132
16.79000    -0.450788715158
16.80000    -0.451273391532
16.81000    -0.451523104462
16.82000    -0.451518257431
16.83000    -0.451396152583
16.84000    -0.451243535932
16.85000    -0.451437213237
16.86000    -0.451972922701
16.87000    -0.452631668070
16.88000    -0.453396574538
16.89000    -0.454206768936
16.90000    -0.455002393872
16.91000    -0.455801010889
16.92000    -0.456605008948
16.93000    -0.457034105995
16.94000    -0.457275125979
16.95000    -0.457361443812
16.96000    -0.457273695967
16.97000    -0.457333285054
16.98000    -0.457555958950
16.99000    -0.458001269250
17.00000    -0.458510316381
17.01000    -0.459075379055
17.02000    -0.459588095851
17.03000    -0.459889643944
17.04000    -0.460218087152
17.05000    -0.460558885262
17.06000    -0.461107234306
17.07000    -0.461778375452
17.08000    -0.462577684750
17.09000    -0.463332346277
17.10000    -0.463864989633
17.11000    -0.464358481147
17.12000    -0.464747414439
17.13000    -0.464953700783
17.14000    -0.465315196090
17.15000    -0.465843992455
17.16000    -0.466482036225
17.17000    -0.466999746507
17.18000    -0.467452545520
17.19000    -0.467657858090
17.20000    -0.467864856051
17.21000    -0.467958160923
17.22000    -0.468376539629
17.23000    -0.468927534226
17.24000    -0.469127425835
17.25000    -0.469545944046
17.26000    -0.469606296492
17.27000    -0.469516218914
17.28000    -0.469457962305
17.29000    -0.468931499258
17.30000    -0.468430309319
17.31000    -0.468122507484
17.32000    -0.467838344473
17.33000    -0.467705865592
17.34000    -0.467570004460
17.35000    -0.467337735517
17.36000    -0.467253533983
17.37000    -0.467133400195
17.38000    -0.467068124897
17.39000    -0.467071199304
17.40000    -0.467062407289
17.41000    -0.466934704382
17.42000    -0.466974460995
17.43000    -0.466829716017
17.44000    -0.466747342879
17.45000    -0.466458437100
17.46000    -0.466092380322
17.47000    -0.465693377036
17.48000    -0.465313410988
17.49000    -0.465023740143
17.50000    -0.464640482648
17.51000    -0.464057186778
17.52000    -0.463214947071
17.53000    -0.462351796274
17.54000    -0.461744813897
17.55000    -0.461687648062
17.56000    -0.462009989102
17.57000    -0.462622535858
17.58000    -0.463066422953
17.59000    -0.463245689309
17.60000    -0.463228967709
17.61000    -0.463289008058
17.62000    -0.463082233366
17.63000    -0.462598050015
17.64000    -0.461611727418
17.65000    -0.460308912213
17.66000    -0.458775968136
17.67000    -0.457179178935
17.68000    -0.455735909607
17.69000    -0.453933833146
17.70000    -0.451829774734
17.71000    -0.449953774888
17.72000    -0.448274970775
17.73000    -0.447247979948
17.74000    -0.446646517879
17.75000    -0.445990739387
17.76000    -0.445343742431
17.77000    -0.444661458707
17.78000    -0.443862954322
17.79000    -0.442843775858
17.80000    -0.441461458310
17.81000    -0.439849660295
17.82000    -0.438386943359
17.83000    -0.437395671647
17.84000    -0.436467939061
17.85000    -0.435578355198
17.86000    -0.434698185037
17.87000    -0.433826954958
17.88000    -0.433155128408
17.89000    -0.432533272361
17.90000    -0.431938824411
17.91000    -0.431312225432
17.92000    -0.430682827542
17.93000    -0.430056856328
17.94000    -0.429383111588
17.95000    -0.428779671170
17.96000    -0.428279116462
17.97000    -0.428010141671
17.98000    -0.427830056453
17.99000    -0.427711931864
18.00000    -0.427372421940
18.01000    -0.427391790934
18.02000    -0.427655715246
18.03000    -0.428097155309
18.04000    -0.428623018262
18.05000    -0.428884695031
18.06000    -0.428829419169
18.07000    -0.428161996104
18.08000    -0.426918800671
18.09000    -0.425085706168
18.10000    -0.422741139439
18.11000    -0.420260559681
18.12000    -0.417761798266
18.13000    -0.415014351879
18.14000    -0.411941086636
18.15000    -0.408492998959
18.16000    -0.404409204562
18.17000    -0.399985881648
18.18000    -0.395587283349
18.19000    -0.391239008405
18.20000    -0.387092731499
18.21000    -0.383696708259
18.22000    -0.380876959293
18.23000    -0.378366249408
18.24000    -0.375728651750
18.25000    -0.372835706681
18.26000    -0.370080014563
18.27000    -0.367269690317
18.28000    -0.364526292480
18.29000    -0.361968823915
18.30000    -0.359543095869
18.31000    -0.357290976911
18.32000    -0.355045582884
18.33000    -0.352836657197
18.34000    -0.350597081650
18.35000    -0.348265664164
18.36000    -0.346125210464
18.37000    -0.343892238627
18.38000    -0.341090234296
18.39000    -0.337887806377
18.40000    -0.334532537073
18.41000    -0.330999850179
18.42000    -0.327341832148
18.43000    -0.324004548578
18.44000    -0.320762641459
18.45000    -0.317194294931
18.46000    -0.313969970243
18.47000    -0.310853656832
18.48000    -0.307734075859
18.49000    -0.304752253247
18.50000    -0.302080597492
18.51000    -0.299738690294
18.52000    -0.297489431876
18.53000    -0.295208533283
18.54000    -0.293079560864
18.55000    -0.291241400004
18.56000    -0.289657469356
18.57000    -0.288132397345
18.58000    -0.286455246919
18.59000    -0.285002136090
18.60000    -0.283527756235
18.61000    -0.282092753463
18.62000    -0.280595303587
18.63000    -0.279151308953
18.64000    -0.277679006737
18.65000    -0.276287939521
18.66000    -0.274996680884
18.67000    -0.273847897471
18.68000    -0.273027765118
18.69000    -0.272678580000
18.70000    -0.272968619435
18.71000    -0.273677686308
18.72000    -0.274253693348
18.73000    -0.274607715172
18.74000    -0.275119671835
18.75000    -0.275239420445
18.76000    -0.274826915103
18.77000    -0.274021770657
18.78000    -0.272690084571
18.79000    -0.271090155731
18.80000    -0.269099450702
18.81000    -0.266863719135
18.82000    -0.264293934203
18.83000    -0.261516468595
18.84000    -0.258559820562
18.85000    -0.255288829144
18.86000    -0.251835876906
18.87000    -0.248172211186
18.88000    -0.244405596476
18.89000    -0.240427323760
18.90000    -0.235907008105
18.91000    -0.231309013096
18.92000    -0.226494599503
18.93000    -0.221822880968
18.94000    -0.217571987623
18.95000    -0.213760792091
18.96000    -0.210538430311
18.97000    -0.207904984826
18.98000    -0.205854115813
18.99000    -0.204490956476
19.00000    -0.203718757423
19.01000    -0.203808676585
19.02000    -0.204396423468
19.03000    -0.205370916896
19.04000    -0.206272777608
19.05000    -0.206565754149
19.06000    -0.206424800108
19.07000    -0.205591975444
19.08000    -0.204465634712
19.09000    -0.203096207948
19.10000    -0.201488715557
19.11000    -0.199676820743
19.12000    -0.197645937288
19.13000    -0.195268729322
19.14000    -0.192683627841
19.15000    -0.190077693012
19.16000    -0.187327895150
19.17000    -0.184245359313
19.18000    -0.181005034819
19.19000    -0.177667966280
19.20000    -0.174134504146
19.21000    -0.170674834865
19.22000    -0.167062432281
19.23000    -0.163693218856
19.24000    -0.160450818866
19.25000    -0.157039452718
19.26000    -0.153541100760
19.27000    -0.150049775276
19.28000    -0.146570489509
19.29000    -0.143379800367
19.30000    -0.140860343539
19.31000    -0.138827740682
19.32000    -0.137068162469
19.33000    -0.135210120682
19.34000    -0.133198792333
19.35000    -0.130646352358
19.36000    -0.127706240382
19.37000    -0.124635391725
19.38000    -0.121332746907
19.39000    -0.118080435854
19.40000    -0.115066051125
19.41000    -0.111893198732
19.42000    -0.108376186104
19.43000    -0.104837836099
19.44000    -0.101392431241
19.45000    -0.097690463163
19.46000    -0.093737852991
19.47000    -0.089643684781
19.48000    -0.085601749598
19.49000    -0.081904162735
19.50000    -0.077928815537
19.51000    -0.074132364539
19.52000    -0.070092795600
19.53000    -0.066225501231
19.54000    -0.062669136200
19.55000    -0.059294231581
19.56000    -0.056104285475
19.57000    -0.052930124423
19.58000    -0.049782708330
19.59000    -0.046697678694
19.60000    -0.043744612188
19.61000    -0.040707274574
19.62000    -0.037329614088
19.63000    -0.033912893950
19.64000    -0.030528724106
19.65000    -0.026892142457
19.66000    -0.023048956089
19.67000    -0.019225462273
19.68000    -0.015462610923
19.69000    -0.012072307266
19.70000    -0.008980714158
19.71000    -0.006168926737
19.72000    -0.003793279512
19.73000    -0.001562567054
19.74000    0.000436279468
19.75000    0.002786048522
19.76000    0.005209650198
19.77000    0.007542504755
19.78000    0.009699809183
19.79000    0.012107819472
19.80000    0.014573843271
19.81000    0.016739091706
19.82000    0.018351492882
19.83000    0.019538912284
19.84000    0.020095733738
19.85000    0.020488035906
19.86000    0.020659639050
19.87000    0.020375491471
19.88000    0.019988172361
19.89000    0.019670459249
19.90000    0.019240911988
19.91000    0.018783412664
19.92000    0.018284906337
19.93000    0.017949888066
19.94000    0.017543476141
19.95000    0.016914223925
19.96000    0.016298686570
19.97000    0.015822662621
19.98000    0.015428687683
19.99000    0.015105868622
20.00000    0.014888121496
20.01000    0.014543726111
20.02000    0.014180637095
20.03000    0.013833540482
20.04000    0.013385751788
20.05000    0.012963678547
20.06000    0.012658178866
20.07000    0.012517411368
20.08000    0.012607251576
20.09000    0.012679482889
20.10000    0.012863535499
20.11000    0.013119213106
20.12000    0.013700362822
20.13000    0.014281154730
20.14000    0.014660324426
20.15000    0.014951302773
20.16000    0.015031941134
20.17000    0.015193882298
20.18000    0.015149270802
20.19000    0.015202873840
20.20000    0.015605995215
20.21000    0.015935255697
20.22000    0.015788567104
20.23000    0.015208981837
20.24000    0.014354983389
20.25000    0.013268654530
20.26000    0.012274263901
20.27000    0.011599141414
20.28000    0.011201338342
20.29000    0.011106609836
20.30000    0.011135100738
20.31000    0.011243498546
20.32000    0.011722569394
20.33000    0.012154367860
20.34000    0.012716432246
20.35000    0.013172232823
20.36000    0.013609234343
20.37000    0.014091712449
20.38000    0.014415647829
20.39000    0.014570419054
20.40000    0.014548021621
20.41000    0.014434718636
20.42000    0.014172258242
20.43000    0.013949277641
20.44000    0.013736300572
20.45000    0.013562507469
20.46000    0.013404717846
20.47000    0.013027494755
20.48000    0.012430157967
20.49000    0.011598224643
20.50000    0.010524184123
20.51000    0.009569091890
20.52000    0.008895491325
20.53000    0.008547791513
20.54000    0.008414815618
20.55000    0.008513339221
20.56000    0.008642842409
20.57000    0.008877783289
20.58000    0.008767426434
20.59000    0.008738784056
20.60000    0.008457664681
20.61000    0.007845875031
20.62000    0.006806527793
20.63000    0.005431955831
20.64000    0.003609039941
20.65000    0.001482280962
20.66000    -0.000516512710
20.67000    -0.002104799599
20.68000    -0.003201112505
20.69000    -0.003969068946
20.70000    -0.004576626023
20.71000    -0.005217662181
20.72000    -0.005983736449
20.73000    -0.006569592533
20.74000    -0.006650769924
20.75000    -0.006336213858
20.76000    -0.005574615446
20.77000    -0.004524452053
20.78000    -0.003245279164
20.79000    -0.001935788357
20.80000    -0.000791068108
20.81000    0.000020975877
20.82000    0.000755134526
20.83000    0.001442529308
20.84000    0.002071574374
20.85000    0.002421449388
20.86000    0.002246151054
20.87000    0.001583765487
20.88000    0.000748247421
20.89000    0.000044098636
20.90000    -0.000497142363
20.91000    -0.000897690338
20.92000    -0.001061270816
20.93000    -0.001082504832
20.94000    -0.001106654505
20.95000    -0.001172807495
20.96000    -0.001210952520
20.97000    -0.001287005392
20.98000    -0.001048873707
20.99000    -0.000809685556
21.00000    -0.000135704861
21.01000    0.000429991355
21.02000    0.000615461258
21.03000    0.000191025172
21.04000    -0.000542584412
21.05000    -0.001537756261
21.06000    -0.002630722135
21.07000    -0.003655310124
21.08000    -0.004549268530
21.09000    -0.005171177918
21.10000    -0.005405129404
21.11000    -0.005704294243
21.12000    -0.005759298292
21.13000    -0.005954568299
21.14000    -0.005736184159
21.15000    -0.005401072658
21.16000    -0.005268649707
21.17000    -0.005186163180
21.18000    -0.005456039655
21.19000    -0.005937477859
21.20000    -0.006440362937
21.21000    -0.006817649963
21.22000    -0.006883639043
21.23000    -0.006780885388
21.24000    -0.006617703104
21.25000    -0.006625412277
21.26000    -0.006576508481
21.27000    -0.006387543319
21.28000    -0.005883029191
21.29000    -0.005251091258
21.30000    -0.004767145738
21.31000    -0.004788008897
21.32000    -0.005331618352
21.33000    -0.006057699058
21.34000    -0.006939219126
21.35000    -0.007646004569
21.36000    -0.008104908063
21.37000    -0.008187632815
21.38000    -0.008091845696
21.39000    -0.007687539530
21.40000    -0.007133177185
21.41000    -0.006567562411
21.42000    -0.006262271896
21.43000    -0.006151916405
21.44000    -0.006157702033
21.45000    -0.006209129221
21.46000    -0.006248538682
21.47000    -0.006317817552
21.48000    -0.006415113217
21.49000    -0.006336808491
21.50000    -0.006082286297
21.51000    -0.005856428855
21.52000    -0.005516682621
21.53000    -0.005255572318
21.54000    -0.004847316219
21.55000    -0.004519041803
21.56000    -0.004162232660
21.57000    -0.003774297638
21.58000    -0.003360774805
21.59000    -0.002965345611
21.60000    -0.002572850482
21.61000    -0.002283698419
21.62000    -0.002078816120
21.63000    -0.001869647263
21.64000    -0.001705227159
21.65000    -0.001559820943
21.66000    -0.001465372937
21.67000    -0.001378084749
21.68000    -0.001402709611
21.69000    -0.001517065329
21.70000    -0.001649072558
21.71000    -0.001778730695
21.72000    -0.001868925508
21.73000    -0.001896175231
21.74000    -0.001889142180
21.75000    -0.001868717845
21.76000    -0.001768284493
21.77000    -0.001602714743
21.78000    -0.001325927418
21.79000    -0.000974335057
21.80000    -0.000341246689
21.81000    0.000333076861
21.82000    0.000632669338
21.83000    0.000587557917
21.84000    0.000168798518
21.85000    -0.000555774037
21.86000    -0.001320386116
21.87000    -0.001929062612
21.88000    -0.002388609825
21.89000    -0.002608686830
21.90000    -0.002671345035
21.91000    -0.002726322661
21.92000    -0.002488330898
21.93000    -0.002357830353
21.94000    -0.002008083947
21.95000    -0.001673967319
21.96000    -0.001462378202
21.97000    -0.001318671613
21.98000    -0.001275454192
21.99000    -0.001299671229
22.00000    -0.001441714051
22.01000    -0.001595943138
22.02000    -0.001679553094
22.03000    -0.001664876351
22.04000    -0.001568040451
22.05000    -0.001448380634
22.06000    -0.001446622950
22.07000    -0.001392720409
22.08000    -0.001423483644
22.09000    -0.001423085115
22.10000    -0.001483439088
22.11000    -0.001534825247
22.12000    -0.001555019342
22.13000    -0.001566595026
22.14000    -0.001613007335
22.15000    -0.001568762761
22.16000    -0.001644268760
22.17000    -0.001592418729
22.18000    -0.001506614601
22.19000    -0.001380676435
22.20000    -0.001220886513
22.21000    -0.001094316103
22.22000    -0.000722980773
22.23000    -0.000494413700
22.24000    -0.000527821082
22.25000    -0.000877748861
22.26000    -0.001353961120
22.27000    -0.002023213005
22.28000    -0.002676101490
22.29000    -0.003109129167
22.30000    -0.003347808141
22.31000    -0.003428612869
22.32000    -0.003344949376
22.33000    -0.003427471652
22.34000    -0.003109228791
22.35000    -0.002942034258
22.36000    -0.002451799279
22.37000    -0.002002076273
22.38000    -0.001700853200
22.39000    -0.001549122369
22.40000    -0.001658583228
22.41000    -0.001967841029
22.42000    -0.002482552329
22.43000    -0.003025459853
22.44000    -0.003641802439
22.45000    -0.004298860327
22.46000    -0.005096076443
22.47000    -0.006092303159
22.48000    -0.007315930643
22.49000    -0.008701443548
22.50000    -0.010226128266
22.51000    -0.011964766970
22.52000    -0.013724012044
22.53000    -0.015258690618
22.54000    -0.016356633517
22.55000    -0.017139557895
22.56000    -0.017648900249
22.57000    -0.017919309275
22.58000    -0.018029352837
22.59000    -0.018067244266
22.60000    -0.018347701779
22.61000    -0.018606088761
22.62000    -0.018974348157
22.63000    -0.019281541084
22.64000    -0.019486973172
22.65000    -0.019690049904
22.66000    -0.019609673506
22.67000    -0.019694143883
22.68000    -0.020169223884
22.69000    -0.020936375045
22.70000    -0.021897403272
22.71000    -0.023137259376
22.72000    -0.024293884340
22.73000    -0.025437150253
22.74000    -0.026358160466
22.75000    -0.027143115184
22.76000    -0.027686359066
22.77000    -0.028176252900
22.78000    -0.028326811189
22.79000    -0.028666380740
22.80000    -0.028743887791
22.81000    -0.028957630796
22.82000    -0.029280241591
22.83000    -0.029621522591
22.84000    -0.029989239887
22.85000    -0.030469623770
22.86000    -0.030919016081
22.87000    -0.031360966970
22.88000    -0.031877166496
22.89000    -0.032346922094
22.90000    -0.032755988008
22.91000    -0.033061809101
22.92000    -0.033320153515
22.93000    -0.033470697976
22.94000    -0.033616257837
22.95000    -0.033675708811
22.96000    -0.033785534192
22.97000    -0.033912209176
22.98000    -0.034040334771
22.99000    -0.034267228906
23.00000    -0.034626969974
23.01000    -0.035028114576
23.02000    -0.035508010090
23.03000    -0.035904498243
23.04000    -0.036218350160
23.05000    -0.036367163309
23.06000    -0.036441375095
23.07000    -0.036145743643
23.08000    -0.035640430395
23.09000    -0.034995167475
23.10000    -0.034530326090
23.11000    -0.034193362504
23.12000    -0.034121654689
23.13000    -0.034105951512
23.14000    -0.033972757661
23.15000    -0.033638984812
23.16000    -0.033218076004
23.17000    -0.032627431959
23.18000    -0.031971557816
23.19000    -0.031499784657
23.20000    -0.030927761097
23.21000    -0.030441971176
23.22000    -0.029802159406
23.23000    -0.029179288580
23.24000    -0.028569088363
23.25000    -0.027925981420
23.26000    -0.027178587865
23.27000    -0.026463612669
23.28000    -0.025679261919
23.29000    -0.024849016342
23.30000    -0.024014801234
23.31000    -0.023156276216
23.32000    -0.022317908371
23.33000    -0.021482938590
23.34000    -0.020633943941
23.35000    -0.019818704884
23.36000    -0.019112770560
23.37000    -0.018484453228
23.38000    -0.017783922884
23.39000    -0.017056824231
23.40000    -0.016371005003
23.41000    -0.015732987410
23.42000    -0.014946791419
23.43000    -0.014206846879
23.44000    -0.013269993947
23.45000    -0.012310130374
23.46000    -0.011204393452
23.47000    -0.010068494671
23.48000    -0.008681115088
23.49000    -0.007212176473
23.50000    -0.005667308867
23.51000    -0.004349525816
23.52000    -0.003058687595
23.53000    -0.001929885567
23.54000    -0.000919372122
23.55000    0.000223788092
23.56000    0.001479593254
23.57000    0.002871798672
23.58000    0.004563823709
23.59000    0.006555795630
23.60000    0.008779750110
23.61000    0.011432350098
23.62000    0.013961847851
23.63000    0.016895984306
23.64000    0.019834141314
23.65000    0.022653644353
23.66000    0.025505216684
23.67000    0.028249313319
23.68000    0.030973673112
23.69000    0.033661774064
23.70000    0.036308353814
23.71000    0.038730100381
23.72000    0.041171918540
23.73000    0.043574092111
23.74000    0.046032423172
23.75000    0.048666315969
23.76000    0.051697487124
23.77000    0.054967238164
23.78000    0.058754867971
23.79000    0.062734454679
23.80000    0.066698112663
23.81000    0.070564947304
23.82000    0.074031149449
23.83000    0.078007693449
23.84000    0.082363241068
23.85000    0.086827687300
23.86000    0.091272905669
23.87000    0.095927104547
23.88000    0.100304257030
23.89000    0.105024403117
23.90000    0.109529020565
23.91000    0.114231316382
23.92000    0.118920085793
23.93000    0.123346507850
23.94000    0.126926996926
23.95000    0.129985650594
23.96000    0.132728830335
23.97000    0.135662829429
23.98000    0.138649645254
23.99000    0.141852548252
24.00000    0.145265085644
24.01000    0.148975570820
24.02000    0.152592032568
24.03000    0.155711762992
24.04000    0.158722566344
24.05000    0.162208491415
24.06000    0.166144447935
24.07000    0.170245349017
24.08000    0.174453006404
24.09000    0.178830949036
24.10000    0.183173867467
24.11000    0.187598079995
24.12000    0.192372068304
24.13000    0.197033478494
24.14000    0.201617926475
24.15000    0.206165704360
24.16000    0.210496114135
24.17000    0.214641872613
24.18000    0.218864085240
24.19000    0.223057594615
24.20000    0.226890264083
24.21000    0.230479813380
24.22000    0.233733387149
24.23000    0.236354255560
24.24000    0.238614488238
24.25000    0.241179230334
24.26000    0.243878707134
24.27000    0.246615305396
24.28000    0.249579614351
24.29000    0.252698627240
24.30000    0.255721163498
24.31000    0.259197510870
24.32000    0.262601330256
24.33000    0.266192209106
24.34000    0.269879054894
24.35000    0.274033202344
24.36000    0.278362328362
24.37000    0.282773351367
24.38000    0.286813363539
24.39000    0.290408338290
24.40000    0.293914124166
24.41000    0.297265139257
24.42000    0.300766366144
24.43000    0.304371898992
24.44000    0.308095553597
24.45000    0.312019852512
24.46000    0.316093285856
24.47000    0.320529715058
24.48000    0.324981562070
24.49000    0.329996726289
24.50000    0.335682450863
24.51000    0.341792889986
24.52000    0.348318023122
24.53000    0.355405885501
24.54000    0.362441674112
24.55000    0.369305592388
24.56000    0.375721745936
24.57000    0.381412717797
24.58000    0.386086549011
24.59000    0.390273749717
24.60000    0.394013048222
24.61000    0.397414506729
24.62000    0.400498218579
24.63000    0.403460861003
24.64000    0.406451794066
24.65000    0.409304281808
24.66000    0.411848030180
24.67000    0.414077570422
24.68000    0.416223454852
24.69000    0.417982001427
24.70000    0.419582804788
24.71000    0.421036471440
24.72000    0.422387097352
24.73000    0.423737488095
24.74000    0.425178465140
24.75000    0.426740960215
24.76000    0.428802700215
24.77000    0.431030497161
24.78000    0.433243223178
24.79000    0.435559241200
24.80000    0.437728731197
24.81000    0.439757834846
24.82000    0.441648868325
24.83000    0.443457622713
24.84000    0.445327914471
24.85000    0.447155590718
24.86000    0.448843044863
24.87000    0.450403693663
24.88000    0.451652355226
24.89000    0.452862359638
24.90000    0.454520730642
24.91000    0.456325324203
24.92000    0.458211671546
24.93000    0.460323644357
24.94000    0.462274947218
24.95000    0.464063858164
24.96000    0.465721042053
24.97000    0.467377398098
24.98000    0.469118165547
24.99000    0.471061100915
25.00000    0.473186829065
25.01000    0.475436658055
25.02000    0.477628368242
25.03000    0.479792719519
25.04000    0.481797307223
25.05000    0.483608460845
25.06000    0.485329114489
25.07000    0.486783548028
25.08000    0.488091093367
25.09000    0.489345360357
25.10000    0.490568518498
25.11000    0.491844788858
25.12000    0.493150995754
25.13000    0.494646118205
25.14000    0.496345486271
25.15000    0.498260241125
25.16000    0.500143803109
25.17000    0.502028145916
25.18000    0.504506523731
25.19000    0.506363006326
25.20000    0.508074891681
25.21000    0.509869110427
25.22000    0.511256504772
25.23000    0.512497342067
25.24000    0.513655251552
25.25000    0.514829096461
25.26000    0.515944489771
25.27000    0.516853115160
25.28000    0.517914070232
25.29000    0.519079224801
25.30000    0.520015450634
25.31000    0.521168523528
25.32000    0.522592566881
25.33000    0.524306505088
25.34000    0.525895734070
25.35000    0.527708713519
25.36000    0.529535544642
25.37000    0.531104978156
25.38000    0.532568615531
25.39000    0.533965473032
25.40000    0.535431084603
25.41000    0.536731808850
25.42000    0.538162669147
25.43000    0.539762117154
25.44000    0.541198711236
25.45000    0.542658151497
25.46000    0.543941381167
25.47000    0.545033269045
25.48000    0.546038551036
25.49000    0.546700713074
25.50000    0.547204494968
25.51000    0.547602296516
25.52000    0.547971475851
25.53000    0.548365325582
25.54000    0.548937748681
25.55000    0.549670388140
25.56000    0.550900926510
25.57000    0.552497884569
25.58000    0.554540291515
25.59000    0.556841171479
25.60000    0.559023316224
25.61000    0.561095436034
25.62000    0.563641765572
25.63000    0.565331471151
25.64000    0.567052788117
25.65000    0.568571040037
25.66000    0.570002485547
25.67000    0.570917917935
25.68000    0.572085728693
25.69000    0.573591438198
25.70000    0.575656030359
25.71000    0.577574162607
25.72000    0.579568308301
25.73000    0.581533668811
25.74000    0.583349027429
25.75000    0.585512162324
25.76000    0.587689114358
25.77000    0.590084196859
25.78000    0.592084609218
25.79000    0.593684436683
25.80000    0.594999048126
25.81000    0.596080055705
25.82000    0.597173908487
25.83000    0.597988692173
25.84000    0.598819616138
25.85000    0.599651757857
25.86000    0.600415063602
25.87000    0.601122235271
25.88000    0.601580753480
25.89000    0.601779873804
25.90000    0.601728311378
25.91000    0.601601126257
25.92000    0.601698535368
25.93000    0.601880404223
25.94000    0.601970922275
25.95000    0.601748864937
25.96000    0.600961231056
25.97000    0.599937835759
25.98000    0.598780612654
25.99000    0.597113684230
26.00000    0.595771854493
26.01000    0.594671665047
26.02000    0.592949294780
26.03000    0.591013898692
26.04000    0.589781907177
26.05000    0.588691833850
26.06000    0.587414490423
26.07000    0.586551340066
26.08000    0.586065573920
26.09000    0.584959076144
26.10000    0.584007883862
26.11000    0.583167010455
26.12000    0.581898357336
26.13000    0.580237261620
26.14000    0.578262005217
26.15000    0.575655258814
26.16000    0.572776584584
26.17000    0.570133615572
26.18000    0.567941602179
26.19000    0.565796623965
26.20000    0.564172097773
26.21000    0.562535692707
26.22000    0.561056147324
26.23000    0.559535593564
26.24000    0.558072255125
26.25000    0.556650607814
26.26000    0.555467754597
26.27000    0.554024961923
26.28000    0.552413574955
26.29000    0.550852841386
26.30000    0.549359058942
26.31000    0.547412568211
26.32000    0.545267447406
26.33000    0.543691226428
26.34000    0.542129047522
26.35000    0.540140086484
26.36000    0.537739918229
26.37000    0.535157644053
26.38000    0.532019509218
26.39000    0.528785701078
26.40000    0.525949919860
26.41000    0.523398531091
26.42000    0.520908965433
26.43000    0.517949999894
26.44000    0.514687900917
26.45000    0.511627516400
26.46000    0.508633403530
26.47000    0.505647353309
26.48000    0.502881982519
26.49000    0.500201629520
26.50000    0.497443763438
26.51000    0.495038647550
26.52000    0.493165267586
26.53000    0.491741580051
26.54000    0.490731134351
26.55000    0.489743878127
26.56000    0.488675303413
26.57000    0.487163610310
26.58000    0.485025995105
26.59000    0.482388315727
26.60000    0.479107703946
26.61000    0.474911934402
26.62000    0.469691939473
26.63000    0.464124064939
26.64000    0.458669917072
26.65000    0.453857296827
26.66000    0.450251462284
26.67000    0.448357056298
26.68000    0.447728659499
26.69000    0.447495265269
26.70000    0.447475706950
26.71000    0.447798582720
26.72000    0.448339351623
26.73000    0.448632099760
26.74000    0.448660998056
26.75000    0.448651073415
26.76000    0.448331151748
26.77000    0.447309580138
26.78000    0.445702266654
26.79000    0.443548167195
26.80000    0.440687825074
26.81000    0.437208960257
26.82000    0.432944061997
26.83000    0.427554045647
26.84000    0.421274828452
26.85000    0.414564833544
26.86000    0.407701628977
26.87000    0.400731908573
26.88000    0.393734687070
26.89000    0.386899181346
26.90000    0.380265402396
26.91000    0.373815519444
26.92000    0.367386975000
26.93000    0.361658309888
26.94000    0.356391697589
26.95000    0.351519498735
26.96000    0.347258997793
26.97000    0.343524108767
26.98000    0.339565371973
26.99000    0.335351199566
27.00000    0.330744132956
27.01000    0.325109478272
27.02000    0.318648023254
27.03000    0.311841735584
27.04000    0.304932686848
27.05000    0.298189800669
27.06000    0.291678062256
27.07000    0.285509812785
27.08000    0.279427852887
27.09000    0.273562062565
27.10000    0.267738706380
27.11000    0.262248937526
27.12000    0.257276890431
27.13000    0.252727608675
27.14000    0.248581652122
27.15000    0.244644122028
27.16000    0.240824913519
27.17000    0.237216291634
27.18000    0.233803460668
27.19000    0.230373143236
27.20000    0.226831346874
27.21000    0.223141591121
27.22000    0.219271291775
27.23000    0.215129781873
27.24000    0.210407109289
27.25000    0.204949852597
27.26000    0.198753690271
27.27000    0.192275156399
27.28000    0.185956185175
27.29000    0.179380602932
27.30000    0.171726022081
27.31000    0.163117525353
27.32000    0.154256112128
27.33000    0.145832153487
27.34000    0.138142914635
27.35000    0.130807507445
27.36000    0.123667360133
27.37000    0.116640365396
27.38000    0.109572391389
27.39000    0.102462514614
27.40000    0.094639862991
27.41000    0.087149325220
27.42000    0.080438300086
27.43000    0.074352461243
27.44000    0.068871721282
27.45000    0.063745244355
27.46000    0.058456143197
27.47000    0.052883383872
27.48000    0.046993241800
27.49000    0.040759019358
27.50000    0.034364601579
27.51000    0.028146634272
27.52000    0.021865454366
27.53000    0.015031548273
27.54000    0.007696516255
27.55000    0.000411162638
27.56000    -0.006450750711
27.57000    -0.012987846187
27.58000    -0.019663250784
27.59000    -0.026834970534
27.60000    -0.034423617480
27.61000    -0.042082660061
27.62000    -0.049471692200
27.63000    -0.056719695914
27.64000    -0.063870348338
27.65000    -0.070609970031
27.66000    -0.077139783704
27.67000    -0.083801483995
27.68000    -0.090491611561
27.69000    -0.096827926945
27.70000    -0.102749859597
27.71000    -0.108294528335
27.72000    -0.113705400747
27.73000    -0.119219164524
27.74000    -0.124514187239
27.75000    -0.129335726991
27.76000    -0.133722527163
27.77000    -0.137677891130
27.78000    -0.141183533555
27.79000    -0.144422980374
27.80000    -0.147218900215
27.81000    -0.150119855615
27.82000    -0.152651429092
27.83000    -0.155358173109
27.84000    -0.157958754978
27.85000    -0.160973773450
27.86000    -0.164362425236
27.87000    -0.167878542195
27.88000    -0.171351985610
27.89000    -0.174576612546
27.90000    -0.177753244071
27.91000    -0.180999110339
27.92000    -0.184307464374
27.93000    -0.187564896083
27.94000    -0.190712981823
27.95000    -0.193467076496
27.96000    -0.195978559122
27.97000    -0.197910725936
27.98000    -0.199481356170
27.99000    -0.200710665341
28.00000    -0.202277149057
28.01000    -0.204231163976
28.02000    -0.206722912176
28.03000    -0.209622947295
28.04000    -0.212762163177
28.05000    -0.215962365597
28.06000    -0.219107278818
28.07000    -0.221968615741
28.08000    -0.224546092887
28.09000    -0.226935142694
28.10000    -0.229024534319
28.11000    -0.231178221875
28.12000    -0.233535131513
28.13000    -0.236252635372
28.14000    -0.239243200787
28.15000    -0.242411736563
28.16000    -0.245640289838
28.17000    -0.248940423586
28.18000    -0.251989049106
28.19000    -0.255174036298
28.20000    -0.257982867928
28.21000    -0.260389885894
28.22000    -0.262331787905
28.23000    -0.263583044940
28.24000    -0.264203615840
28.25000    -0.264418596873
28.26000    -0.264251430383
28.27000    -0.264052988039
28.28000    -0.263861179655
28.29000    -0.263761815300
28.30000    -0.263792723113
28.31000    -0.263724310854
28.32000    -0.263469634325
28.33000    -0.263233546853
28.34000    -0.262726761167
28.35000    -0.262003120884
28.36000    -0.261034138036
28.37000    -0.260064663734
28.38000    -0.258859025418
28.39000    -0.257431420198
28.40000    -0.255775521822
28.41000    -0.254071936110
28.42000    -0.252345921421
28.43000    -0.250726004395
28.44000    -0.249408554987
28.45000    -0.248143013865
28.46000    -0.246987390191
28.47000    -0.245883641937
28.48000    -0.244897802533
28.49000    -0.244202270268
28.50000    -0.243662459191
28.51000    -0.243214059195
28.52000    -0.242738553816
28.53000    -0.242007192515
28.54000    -0.241150906998
28.55000    -0.240186462700
28.56000    -0.239417545926
28.57000    -0.238681399857
28.58000    -0.238040030046
28.59000    -0.237800877136
28.60000    -0.237761960402
28.61000    -0.237543500400
28.62000    -0.237205315691
28.63000    -0.236429351632
28.64000    -0.235342912340
28.65000    -0.233938822879
28.66000    -0.232601876012
28.67000    -0.231502885212
28.68000    -0.230762572201
28.69000    -0.230215224502
28.70000    -0.229860393503
28.71000    -0.229594559650
28.72000    -0.229368293957
28.73000    -0.229242887436
28.74000    -0.229001873105
28.75000    -0.228818437781
28.76000    -0.228635254559
28.77000    -0.228342603875
28.78000    -0.227923355897
28.79000    -0.227420345792
28.80000    -0.226902354807
28.81000    -0.226352369050
28.82000    -0.225967531683
28.83000    -0.225615116328
28.84000    -0.225296786019
28.85000    -0.224986937087
28.86000    -0.224601777593
28.87000    -0.224047483106
28.88000    -0.223503955853
28.89000    -0.223056132591
28.90000    -0.222716304031
28.91000    -0.222382189501
28.92000    -0.222151374029
28.93000    -0.221848762830
28.94000    -0.221547620985
28.95000    -0.221262760535
28.96000    -0.221040194439
28.97000    -0.220926351162
28.98000    -0.220808836338
28.99000    -0.220652129528
29.00000    -0.220324061996
29.01000    -0.219825495757
29.02000    -0.219279860131
29.03000    -0.218441986238
29.04000    -0.217572867026
29.05000    -0.216737789708
29.06000    -0.216067884170
29.07000    -0.215589207788
29.08000    -0.215167821737
29.09000    -0.214725066941
29.10000    -0.214126270556
29.11000    -0.213408430611
29.12000    -0.212552905606
29.13000    -0.211634587668
29.14000    -0.210534948936
29.15000    -0.209126060371
29.16000    -0.207371981916
29.17000    -0.205499101305
29.18000    -0.203409133085
29.19000    -0.201102200587
29.20000    -0.198658545066
29.21000    -0.196088740441
29.22000    -0.193315897977
29.23000    -0.190500395355
29.24000    -0.187525890152
29.25000    -0.184461325332
29.26000    -0.181500869405
29.27000    -0.178788487474
29.28000    -0.176336377002
29.29000    -0.174141433133
29.30000    -0.172186214836
29.31000    -0.170171198055
29.32000    -0.167961199949
29.33000    -0.165508851822
29.34000    -0.162958389880
29.35000    -0.160320851872
29.36000    -0.157392884102
29.37000    -0.154073998822
29.38000    -0.150385119649
29.39000    -0.146338437729
29.40000    -0.141974329493
29.41000    -0.137401712754
29.42000    -0.132606840308
29.43000    -0.127745666504
29.44000    -0.122602179767
29.45000    -0.117262199513
29.46000    -0.111532887211
29.47000    -0.105340033772
29.48000    -0.099137368041
29.49000    -0.092270968545
29.50000    -0.085270801600
29.51000    -0.078423667402
29.52000    -0.071842564089
29.53000    -0.065494255584
29.54000    -0.059610443813
29.55000    -0.053870803041
29.56000    -0.048571449656
29.57000    -0.043304660068
29.58000    -0.038324699164
29.59000    -0.033138210557
29.60000    -0.027937260134
29.61000    -0.022580526355
29.62000    -0.017276607496
29.63000    -0.011945504982
29.64000    -0.006539052073
29.65000    -0.001152928264
29.66000    0.004241143812
29.67000    0.009613574495
29.68000    0.014933249484
29.69000    0.020106285918
29.70000    0.025039595431
29.71000    0.029707912940
29.72000    0.034126606372
29.73000    0.038232882918
29.74000    0.042044897436
29.75000    0.045440615148
29.76000    0.048476887018
29.77000    0.051092905611
29.78000    0.053376540228
29.79000    0.055608456269
29.80000    0.057731436705
29.81000    0.059887620585
29.82000    0.062002605630
29.83000    0.064126275751
29.84000    0.066152071189
29.85000    0.068380210530
29.86000    0.070984590634
29.87000    0.073578373871
29.88000    0.076708199022
29.89000    0.080024026577
29.90000    0.083614181479
29.91000    0.087206987447
29.92000    0.090778511726
29.93000    0.094462753750
29.94000    0.098001281698
29.95000    0.101061791759
29.96000    0.103820768649
29.97000    0.106010204134
29.98000    0.108377173339
29.99000    0.110805138764
30.00000    0.113315283524
30.01000    0.115860981256
30.02000    0.118478212661
30.03000    0.121533348006
30.04000    0.124638697260
30.05000    0.128249814361
30.06000    0.132155917998
30.07000    0.136809791731
30.08000    0.142092916343
30.09000    0.147888068541
30.10000    0.153887649153
30.11000    0.159539311115
30.12000    0.164483212231
30.13000    0.168895046314
30.14000    0.172795170867
30.15000    0.176273800697
30.16000    0.179704340061
30.17000    0.183512309594
30.18000    0.187563469962
30.19000    0.191792927905
30.20000    0.196135443704
30.21000    0.200349344168
30.22000    0.204629500487
30.23000    0.209168722160
30.24000    0.213532173278
30.25000    0.217988614643
30.26000    0.222497781014
30.27000    0.227106508475
30.28000    0.231623278227
30.29000    0.236078577525
30.30000    0.240680381296
30.31000    0.245193703260
30.32000    0.249636661601
30.33000    0.253922417742
30.34000    0.257821798499
30.35000    0.261801936193
30.36000    0.265795057689
30.37000    0.269918263421
30.38000    0.274454067678
30.39000    0.279280338556
30.40000    0.284147254443
30.41000    0.288911091721
30.42000    0.293707402337
30.43000    0.298420866535
30.44000    0.302863304824
30.45000    0.307320238595
30.46000    0.312182797848
30.47000    0.317045957132
30.48000    0.321588442743
30.49000    0.326051426342
30.50000    0.330564862123
30.51000    0.335078255215
30.52000    0.339631860569
30.53000    0.344466780311
30.54000    0.349521960542
30.55000    0.354475861594
30.56000    0.359130840310
30.57000    0.363526345296
30.58000    0.367818394755
30.59000    0.372037232133
30.60000    0.376273838856
30.61000    0.380409401897
30.62000    0.384624953416
30.63000    0.388553254722
30.64000    0.392412447986
30.65000    0.396310670311
30.66000    0.400147242067
30.67000    0.404124056954
30.68000    0.407977226928
30.69000    0.411800535642
30.70000    0.415806491950
30.71000    0.419971998105
30.72000    0.424447013072
30.73000    0.429025854426
30.74000    0.433257629399
30.75000    0.437277757583
30.76000    0.440960472000
30.77000    0.444362578604
30.78000    0.447592095900
30.79000    0.450676349790
30.80000    0.453588151187
30.81000    0.456390547530
30.82000    0.459087626724
30.83000    0.462103060611
30.84000    0.465401711534
30.85000    0.468936617156
30.86000    0.472293946297
30.87000    0.475982084686
30.88000    0.479213889112
30.89000    0.481813770188
30.90000    0.484167064448
30.91000    0.486183137807
30.92000    0.487640083483
30.93000    0.488838094511
30.94000    0.489986687366
30.95000    0.491285078781
30.96000    0.492593369452
30.97000    0.493809678733
30.98000    0.495215431330
30.99000    0.496591407890
31.00000    0.498004989857
31.01000    0.499627227869
31.02000    0.501602461958
31.03000    0.503460189544
31.04000    0.505498371362
31.05000    0.507538512097
31.06000    0.509349511959
31.07000    0.511016162870
31.08000    0.512635693060
31.09000    0.513922971505
31.10000    0.515293011379
31.11000    0.516946769585
31.12000    0.518729550750
31.13000    0.520588068388
31.14000    0.522256875782
31.15000    0.523849603311
31.16000    0.525423048157
31.17000    0.526908417991
31.18000    0.528212782371
31.19000    0.529389151987
31.20000    0.530550930832
31.21000    0.531787643741
31.22000    0.532770273577
31.23000    0.533726204221
31.24000    0.534826615501
31.25000    0.536043738558
31.26000    0.537271609899
31.27000    0.538639473290
31.28000    0.539866369863
31.29000    0.540884356231
31.30000    0.542092414305
31.31000    0.543636902916
31.32000    0.544895662340
31.33000    0.545807730660
31.34000    0.546607411107
31.35000    0.547600653425
31.36000    0.548438964552
31.37000    0.549669830990
31.38000    0.551094636470
31.39000    0.551992831268
31.40000    0.553174799583
31.41000    0.554560450419
31.42000    0.555944176310
31.43000    0.557304291439
31.44000    0.558628306858
31.45000    0.559831572644
31.46000    0.560894291030
31.47000    0.561995171176
31.48000    0.563328327258
31.49000    0.564745221069
31.50000    0.566058886174
31.51000    0.567107787808
31.52000    0.568140425877
31.53000    0.569028671610
31.54000    0.569939817569
31.55000    0.570869744005
31.56000    0.571911595088
31.57000    0.573245569658
31.58000    0.574707880750
31.59000    0.576070795317
31.60000    0.577337782093
31.61000    0.578343647037
31.62000    0.578915470610
31.63000    0.579542413333
31.64000    0.579830453949
31.65000    0.580065107870
31.66000    0.580273330602
31.67000    0.580372719588
31.68000    0.580521634517
31.69000    0.580855666318
31.70000    0.581364295042
31.71000    0.582210829337
31.72000    0.583240724880
31.73000    0.584411653458
31.74000    0.585642793563
31.75000    0.586790661513
31.76000    0.587990749473
31.77000    0.588978561238
31.78000    0.589685845845
31.79000    0.590057236064
31.80000    0.590125045616
31.81000    0.590152042050
31.82000    0.590050506937
31.83000    0.589956119184
31.84000    0.589934743449
31.85000    0.590056181306
31.86000    0.590242243283
31.87000    0.590309794821
31.88000    0.590942576590
31.89000    0.591341603764
31.90000    0.591563228368
31.91000    0.591849116387
31.92000    0.591753637983
31.93000    0.591447419343
31.94000    0.591511489717
31.95000    0.591778755309
31.96000    0.592327311973
31.97000    0.593053760517
31.98000    0.593778415849
31.99000    0.594751842597
32.00000    0.595346260541
32.01000    0.595768248036
32.02000    0.596572387788
32.03000    0.597859891610
32.04000    0.599449327095
32.05000    0.601518098723
32.06000    0.603758206636
32.07000    0.605739609939
32.08000    0.607387254649
32.09000    0.608748947077
32.10000    0.609626065176
32.11000    0.610302245736
32.12000    0.610880930829
32.13000    0.611585783433
32.14000    0.612278502377
32.15000    0.613061276684
32.16000    0.614083202565
32.17000    0.615219060018
32.18000    0.616243738040
32.19000    0.617318483790
32.20000    0.618326727217
32.21000    0.619098314054
32.22000    0.620059087556
32.23000    0.621136902480
32.24000    0.622142098721
32.25000    0.623165948437
32.26000    0.624177347601
32.27000    0.625230420563
32.28000    0.626498583356
32.29000    0.627900252300
32.30000    0.629258734812
32.31000    0.630693646612
32.32000    0.631990378829
32.33000    0.633098319164
32.34000    0.634098163533
32.35000    0.634651368951
32.36000    0.634849657152
32.37000    0.634969290086
32.38000    0.635016906027
32.39000    0.634843194123
32.40000    0.634634623629
32.41000    0.634436850434
32.42000    0.634248172728
32.43000    0.633902000774
32.44000    0.633564679766
32.45000    0.633391653403
32.46000    0.632940016081
32.47000    0.632455698658
32.48000    0.631817444193
32.49000    0.630093569253
32.50000    0.627328857983
32.51000    0.624225193177
32.52000    0.621502363744
32.53000    0.619525675908
32.54000    0.618031371170
32.55000    0.616640069227
32.56000    0.615450263719
32.57000    0.614324606187
32.58000    0.613084205238
32.59000    0.611858153529
32.60000    0.610623059051
32.61000    0.609426617955
32.62000    0.608184594633
32.63000    0.606907281159
32.64000    0.605398778889
32.65000    0.603405657801
32.66000    0.601370740237
32.67000    0.599231563739
32.68000    0.596614944952
32.69000    0.593836141522
32.70000    0.591182360430
32.71000    0.588803390572
32.72000    0.586526419313
32.73000    0.583809040589
32.74000    0.580535740781
32.75000    0.577071713131
32.76000    0.573831395087
32.77000    0.571145675715
32.78000    0.568158266133
32.79000    0.565746915581
32.80000    0.564724244407
32.81000    0.563889987870
32.82000    0.562974924966
32.83000    0.562082360700
32.84000    0.561758931435
32.85000    0.561175007366
32.86000    0.560029050015
32.87000    0.558576429488
32.88000    0.556880507101
32.89000    0.554136326944
32.90000    0.550764776703
32.91000    0.546954828127
32.92000    0.542516310589
32.93000    0.537786560281
32.94000    0.533121224557
32.95000    0.528323862940
32.96000    0.523197347851
32.97000    0.518200572159
32.98000    0.512903187175
32.99000    0.507553113513
33.00000    0.502674650174
33.01000    0.498385305504
33.02000    0.494560305015
33.03000    0.491277489297
33.04000    0.488213205420
33.05000    0.485163196268
33.06000    0.481954996805
33.07000    0.478553989792
33.08000    0.474891313872
33.09000    0.471152918253
33.10000    0.467303839968
33.11000    0.463369455834
33.12000    0.459448734322
33.13000    0.455687302179
33.14000    0.452076952874
33.15000    0.448119111825
33.16000    0.443759034722
33.17000    0.439524084537
33.18000    0.435004030066
33.19000    0.430099829643
33.20000    0.425256194184
33.21000    0.420473682056
33.22000    0.415889302008
33.23000    0.411401927781
33.24000    0.406734240297
33.25000    0.401816488467
33.26000    0.395921125761
33.27000    0.389035870718
33.28000    0.381620866483
33.29000    0.373921548310
33.30000    0.366822118897
33.31000    0.360346340566
33.32000    0.355007890485
33.33000    0.350203110447
33.34000    0.345681397672
33.35000    0.341205075924
33.36000    0.336602202154
33.37000    0.332048489852
33.38000    0.327547452418
33.39000    0.322948541794
33.40000    0.318542891598
33.41000    0.314333353845
33.42000    0.310083586232
33.43000    0.305893551278
33.44000    0.301776439496
33.45000    0.297223967574
33.46000    0.292503891186
33.47000    0.288043880512
33.48000    0.283620770329
33.49000    0.278720594837
33.50000    0.272967520545
33.51000    0.266824967541
33.52000    0.260515634702
33.53000    0.253874902620
33.54000    0.246495529030
33.55000    0.239297349568
33.56000    0.232526420188
33.57000    0.226318647074
33.58000    0.220798767407
33.59000    0.215676359687
33.60000    0.210774924031
33.61000    0.206082193659
33.62000    0.201312226221
33.63000    0.196310266226
33.64000    0.191263226234
33.65000    0.185936168144
33.66000    0.180281362800
33.67000    0.174507167625
33.68000    0.168856564744
33.69000    0.163304225735
33.70000    0.157680680746
33.71000    0.151870579352
33.72000    0.146094328984
33.73000    0.140319274306
33.74000    0.133961303912
33.75000    0.125371273172
33.76000    0.114848333234
33.77000    0.104736854011
33.78000    0.095575195975
33.79000    0.088580178971
33.80000    0.083871147604
33.81000    0.080971455231
33.82000    0.078804631461
33.83000    0.076946170713
33.84000    0.075143822234
33.85000    0.072735812733
33.86000    0.069902928875
33.87000    0.066644318785
33.88000    0.063026830268
33.89000    0.059330219572
33.90000    0.055566225835
33.91000    0.050968689654
33.92000    0.044876432064
33.93000    0.037196918501
33.94000    0.028679127677
33.95000    0.019091628998
33.96000    0.008467808249
33.97000    -0.002270688911
33.98000    -0.012469771481
33.99000    -0.022583829022
34.00000    -0.032516086022
34.01000    -0.041938229844
34.02000    -0.050279159157
34.03000    -0.057579601088
34.04000    -0.064115202266
34.05000    -0.070289035806
34.06000    -0.076182257929
34.07000    -0.081564741245
34.08000    -0.086498706696
34.09000    -0.090999207860
34.10000    -0.095315710742
34.11000    -0.099928351089
34.12000    -0.104835876381
34.13000    -0.110309506488
34.14000    -0.116121379290
34.15000    -0.122328268190
34.16000    -0.129122827122
34.17000    -0.136350795712
34.18000    -0.144242188361
34.19000    -0.152331451199
34.20000    -0.160114577116
34.21000    -0.167552029775
34.22000    -0.174236283933
34.23000    -0.179791314519
34.24000    -0.184493663038
34.25000    -0.188297775281
34.26000    -0.190969992923
34.27000    -0.192761626675
34.28000    -0.194014677501
34.29000    -0.195307666062
34.30000    -0.196789298543
34.31000    -0.198781837443
34.32000    -0.201068686386
34.33000    -0.203601472132
34.34000    -0.206376173033
34.35000    -0.209468235997
34.36000    -0.212745606543
34.37000    -0.216432447382
34.38000    -0.220186823213
34.39000    -0.224164715462
34.40000    -0.227833447862
34.41000    -0.231580977073
34.42000    -0.235255966961
34.43000    -0.239087180543
34.44000    -0.242895535275
34.45000    -0.246905827741
34.46000    -0.250932047160
34.47000    -0.254734913521
34.48000    -0.258168921145
34.49000    -0.261091507505
34.50000    -0.263044492663
34.51000    -0.263775567074
34.52000    -0.262944500533
34.53000    -0.260616889144
34.54000    -0.257297717479
34.55000    -0.253454527770
34.56000    -0.249371289114
34.57000    -0.245481897947
34.58000    -0.241723271191
34.59000    -0.237931296901
34.60000    -0.233945213138
34.61000    -0.229986273521
34.62000    -0.226114357055
34.63000    -0.222495947876
34.64000    -0.218631627814
34.65000    -0.215092787690
34.66000    -0.211682986516
34.67000    -0.208242989108
34.68000    -0.204882650762
34.69000    -0.201734769034
34.70000    -0.199143312800
34.71000    -0.197191788772
34.72000    -0.195853802875
34.73000    -0.195053100632
34.74000    -0.194594052311
34.75000    -0.194281294429
34.76000    -0.194056758285
34.77000    -0.193738954040
34.78000    -0.193265164536
34.79000    -0.192733711291
34.80000    -0.191873048762
34.81000    -0.190936084291
34.82000    -0.189665624085
34.83000    -0.188351857675
34.84000    -0.186976850232
34.85000    -0.185764146806
34.86000    -0.184613124509
34.87000    -0.183592987860
34.88000    -0.182828119585
34.89000    -0.182294156333
34.90000    -0.182041439491
34.91000    -0.181984478939
34.92000    -0.182104915027
34.93000    -0.182262879903
34.94000    -0.182454167484
34.95000    -0.182661888995
34.96000    -0.182873214602
34.97000    -0.183153492583
34.98000    -0.183444681777
34.99000    -0.183796527417
35.00000    -0.184094424852
35.01000    -0.184353089914
35.02000    -0.184392645297
35.03000    -0.184309432104
35.04000    -0.183925705164
35.05000    -0.183545765521
35.06000    -0.182989080920
35.07000    -0.182319341689
35.08000    -0.181672707775
35.09000    -0.181327357783
35.10000    -0.181192946292
35.11000    -0.181319137154
35.12000    -0.181486910394
35.13000    -0.181636541197
35.14000    -0.181669869670
35.15000    -0.181555699966
35.16000    -0.181265081158
35.17000    -0.180689206830
35.18000    -0.180111447558
35.19000    -0.179146781928
35.20000    -0.178112351799
35.21000    -0.176722043398
35.22000    -0.175211656311
35.23000    -0.173533009461
35.24000    -0.171884062881
35.25000    -0.170313621261
35.26000    -0.168846931352
35.27000    -0.167378556671
35.28000    -0.165964143866
35.29000    -0.164567829223
35.30000    -0.163321649207
35.31000    -0.162283492038
35.32000    -0.161405643927
35.33000    -0.160617356976
35.34000    -0.159894008389
35.35000    -0.159256397744
35.36000    -0.158551972219
35.37000    -0.157898161482
35.38000    -0.157139870970
35.39000    -0.156295490382
35.40000    -0.155350505542
35.41000    -0.154132513450
35.42000    -0.152599003151
35.43000    -0.150674181002
35.44000    -0.148541241778
35.45000    -0.146080607775
35.46000    -0.143217442068
35.47000    -0.139976463772
35.48000    -0.136683163308
35.49000    -0.133379487620
35.50000    -0.130307272520
35.51000    -0.127402204833
35.52000    -0.124586628547
35.53000    -0.121823588066
35.54000    -0.119201772412
35.55000    -0.116655815558
35.56000    -0.114067398340
35.57000    -0.111293910607
35.58000    -0.108294420246
35.59000    -0.104918420393
35.60000    -0.101084904836
35.61000    -0.096663822804
35.62000    -0.091710123319
35.63000    -0.086422479844
35.64000    -0.080822678632
35.65000    -0.074995932760
35.66000    -0.068781805692
35.67000    -0.062102084792
35.68000    -0.054992264464
35.69000    -0.047450821773
35.70000    -0.039683649600
35.71000    -0.031566513192
35.72000    -0.022920376699
35.73000    -0.013155837938
35.74000    -0.001845186647
35.75000    0.010429764410
35.76000    0.023191380082
35.77000    0.036016811666
35.78000    0.048254293769
35.79000    0.058990230229
35.80000    0.068061899724
35.81000    0.076059283907
35.82000    0.083552205276
35.83000    0.090588305025
35.84000    0.097572429234
35.85000    0.104254893354
35.86000    0.111088585693
35.87000    0.117783880271
35.88000    0.124279715677
35.89000    0.130777375774
35.90000    0.137115015984
35.91000    0.142975389087
35.92000    0.148388417810
35.93000    0.153139139140
35.94000    0.157552441233
35.95000    0.161734242057
35.96000    0.165865764749
35.97000    0.169834150131
35.98000    0.173597391009
35.99000    0.177109525116
36.00000    0.180079291079
36.01000    0.182886155753
36.02000    0.185796916456
36.03000    0.188998337861
36.04000    0.191989468111
36.05000    0.194774064155
36.06000    0.197482760108
36.07000    0.199854321488
36.08000    0.202089279708
36.09000    0.204309820230
36.10000    0.206270436681
36.11000    0.208131942487
36.12000    0.210189988929
36.13000    0.212127651903
36.14000    0.214062980898
36.15000    0.216135403849
36.16000    0.218129281985
36.17000    0.219998572620
36.18000    0.221988265652
36.19000    0.224071277195
36.20000    0.226039132058
36.21000    0.228180018697
36.22000    0.230556415656
36.23000    0.233225322658
36.24000    0.236081882249
36.25000    0.239228770400
36.26000    0.242327935831
36.27000    0.245298174298
36.28000    0.248339615094
36.29000    0.251570592307
36.30000    0.254989528204
36.31000    0.258655950720
36.32000    0.262790105368
36.33000    0.267222725985
36.34000    0.271711073717
36.35000    0.276255996469
36.36000    0.280544013133
36.37000    0.284477636898
36.38000    0.288142954138
36.39000    0.291583647161
36.40000    0.294814436015
36.41000    0.297987479452
36.42000    0.301192428299
36.43000    0.304560753193
36.44000    0.308019173722
36.45000    0.311845870341
36.46000    0.315978359636
36.47000    0.320616291386
36.48000    0.325469518735
36.49000    0.330858365942
36.50000    0.336087504227
36.51000    0.341086944820
36.52000    0.346009017722
36.53000    0.350595229971
36.54000    0.354814703728
36.55000    0.358511774536
36.56000    0.361961326218
36.57000    0.365149885064
36.58000    0.367973183185
36.59000    0.370842618703
36.60000    0.373729651211
36.61000    0.376791330076
36.62000    0.379964514506
36.63000    0.383501605083
36.64000    0.387238027979
36.65000    0.390760859629
36.66000    0.394186444695
36.67000    0.397368767375
36.68000    0.400376340403
36.69000    0.403308858737
36.70000    0.406182064866
36.71000    0.409289126048
36.72000    0.412468358476
36.73000    0.415627005154
36.74000    0.418940326851
36.75000    0.422310746295
36.76000    0.425525608803
36.77000    0.428609850772
36.78000    0.431524874183
36.79000    0.434400916314
36.80000    0.437129434893
36.81000    0.439759472458
36.82000    0.442340667336
36.83000    0.444926621370
36.84000    0.447740415227
36.85000    0.450771233554
36.86000    0.453723036021
36.87000    0.456982456786
36.88000    0.460520254768
36.89000    0.463913804341
36.90000    0.467124132061
36.91000    0.470237773385
36.92000    0.472860251282
36.93000    0.475092494036
36.94000    0.477239330799
36.95000    0.479355106037
36.96000    0.481424775185
36.97000    0.483651139191
36.98000    0.485874036494
36.99000    0.488142799349
37.00000    0.490522745430
37.01000    0.492986163464
37.02000    0.495754829965
37.03000    0.499240132922
37.04000    0.502860382323
37.05000    0.506423681480
37.06000    0.509783965123
37.07000    0.512893953488
37.08000    0.515777307043
37.09000    0.518566034911
37.10000    0.521203094443
37.11000    0.524009634503
37.12000    0.526788176629
37.13000    0.529052590779
37.14000    0.531128510435
37.15000    0.533001740964
37.16000    0.534757578503
37.17000    0.536479601014
37.18000    0.538050326877
37.19000    0.539348770469
37.20000    0.540491583539
37.21000    0.541507599859
37.22000    0.542435835829
37.23000    0.543572307430
37.24000    0.544747815206
37.25000    0.545882576603
37.26000    0.547191789367
37.27000    0.548499089272
37.28000    0.549802754548
37.29000    0.551355861480
37.30000    0.552902821546
37.31000    0.554714019654
37.32000    0.556691449100
37.33000    0.558586772444
37.34000    0.560265857916
37.35000    0.562172257828
37.36000    0.564167261805
37.37000    0.566193483805
37.38000    0.568410557514
37.39000    0.570534788959
37.40000    0.572720044992
37.41000    0.575097661453
37.42000    0.577669036592
37.43000    0.580033231209
37.44000    0.582428508326
37.45000    0.585140385187
37.46000    0.587345616536
37.47000    0.589631979780
37.48000    0.591976824189
37.49000    0.593950394873
37.50000    0.595759303240
37.51000    0.597404648669
37.52000    0.598874089330
37.53000    0.599830748939
37.54000    0.600305226462
37.55000    0.600764047325
37.56000    0.601454144575
37.57000    0.602828634060
37.58000    0.604296864594
37.59000    0.606191848110
37.60000    0.608579492632
37.61000    0.611166451590
37.62000    0.613884768848
37.63000    0.616249063545
37.64000    0.617990347450
37.65000    0.619300811322
37.66000    0.620416959101
37.67000    0.621316764772
37.68000    0.621993169833
37.69000    0.622798224072
37.70000    0.623568692413
37.71000    0.624353498257
37.72000    0.625126539883
37.73000    0.625903736747
37.74000    0.626707842014
37.75000    0.627583111897
37.76000    0.628607785508
37.77000    0.629867173665
37.78000    0.631182979297
37.79000    0.632257629864
37.80000    0.633016591576
37.81000    0.633596894431
37.82000    0.633903326299
37.83000    0.634141488948
37.84000    0.634379788819
37.85000    0.634755480738
37.86000    0.635534943678
37.87000    0.636463403762
37.88000    0.637476931245
37.89000    0.638603375735
37.90000    0.639708362110
37.91000    0.640919919697
37.92000    0.642375000816
37.93000    0.644100159935
37.94000    0.645865292887
37.95000    0.647637991012
37.96000    0.649197806874
37.97000    0.650450940876
37.98000    0.651381416172
37.99000    0.652860671214
38.00000    0.654799169136
38.01000    0.656598362578
38.02000    0.658581619782
38.03000    0.660327737355
38.04000    0.661602378766
38.05000    0.662327481601
38.06000    0.662696047017
38.07000    0.663096398430
38.08000    0.663521816759
38.09000    0.663974011231
38.10000    0.664467089292
38.11000    0.664968377494
38.12000    0.665420981337
38.13000    0.665695641934
38.14000    0.666122262526
38.15000    0.666792863055
38.16000    0.667468098509
38.17000    0.668073752376
38.18000    0.668404777598
38.19000    0.668436626363
38.20000    0.668157684371
38.21000    0.667486697497
38.22000    0.666735387473
38.23000    0.665985582864
38.24000    0.665133049793
38.25000    0.664097558418
38.26000    0.662858574952
38.27000    0.661509244483
38.28000    0.660230027396
38.29000    0.658841679235
38.30000    0.657517545874
38.31000    0.656115967223
38.32000    0.654488122806
38.33000    0.652786195902
38.34000    0.650908619367
38.35000    0.649154574510
38.36000    0.647756567669
38.37000    0.646783694707
38.38000    0.646309689575
38.39000    0.645666676300
38.40000    0.644903579322
38.41000    0.643780035468
38.42000    0.642506264207
38.43000    0.641276621281
38.44000    0.640253002812
38.45000    0.639501926453
38.46000    0.639162844725
38.47000    0.638795574600
38.48000    0.638336131200
38.49000    0.637292464787
38.50000    0.635802021981
38.51000    0.634502827729
38.52000    0.633268867366
38.53000    0.631939332046
38.54000    0.630258721865
38.55000    0.628196906367
38.56000    0.625629957969
38.57000    0.622714146968
38.58000    0.619767994471
38.59000    0.617199098580
38.60000    0.614803727651
38.61000    0.612631847817
38.62000    0.610754686086
38.63000    0.608963086330
38.64000    0.607372229600
38.65000    0.606062466472
38.66000    0.605089814010
38.67000    0.604241932855
38.68000    0.603074188826
38.69000    0.601717989709
38.70000    0.600355288299
38.71000    0.598646685871
38.72000    0.596325497966
38.73000    0.593425557718
38.74000    0.589908116421
38.75000    0.586404696076
38.76000    0.583293526870
38.77000    0.580663582044
38.78000    0.578242088685
38.79000    0.576109414158
38.80000    0.574603957019
38.81000    0.573455662195
38.82000    0.572365777052
38.83000    0.571075919737
38.84000    0.569824436275
38.85000    0.568417464443
38.86000    0.566883476656
38.87000    0.565103383463
38.88000    0.562642408139
38.89000    0.559891551316
38.90000    0.556555905188
38.91000    0.552559570381
38.92000    0.548864784161
38.93000    0.545771508730
38.94000    0.542206172686
38.95000    0.538540841016
38.96000    0.535200191915
38.97000    0.531828497373
38.98000    0.527933137502
38.99000    0.524038935029
39.00000    0.520160753390
39.01000    0.516079190936
39.02000    0.511719604685
39.03000    0.506655695169
39.04000    0.501794189325
39.05000    0.496830477013
39.06000    0.491945669395
39.07000    0.487280761614
39.08000    0.482980991882
39.09000    0.479209214100
39.10000    0.474974630175
39.11000    0.469932189994
39.12000    0.464658748961
39.13000    0.459809968903
39.14000    0.455736252173
39.15000    0.452167794017
39.16000    0.448368337785
39.17000    0.444263701592
39.18000    0.439410119835
39.19000    0.434141743695
39.20000    0.428284229181
39.21000    0.422133376159
39.22000    0.415777803938
39.23000    0.409124018835
39.24000    0.401746120931
39.25000    0.393800470860
39.26000    0.385401393993
39.27000    0.376922767892
39.28000    0.368719881499
39.29000    0.361109266230
39.30000    0.353887216243
39.31000    0.346792439956
39.32000    0.339406344148
39.33000    0.331660284676
39.34000    0.323746558051
39.35000    0.315582743260
39.36000    0.306986363417
39.37000    0.297724483790
39.38000    0.287565726023
39.39000    0.276946599475
39.40000    0.265886283539
39.41000    0.254737239929
39.42000    0.243289942864
39.43000    0.231799290865
39.44000    0.220366685269
39.45000    0.209583924814
39.46000    0.198850055950
39.47000    0.188129581009
39.48000    0.177465167180
39.49000    0.167143400533
39.50000    0.157173783141
39.51000    0.147521746675
39.52000    0.138250148734
39.53000    0.129548388701
39.54000    0.121310062919
39.55000    0.112613835197
39.56000    0.103450507783
39.57000    0.094445759268
39.58000    0.085810540084
39.59000    0.077384455897
39.60000    0.069180765645
39.61000    0.061127752136
39.62000    0.053282895190
39.63000    0.045482450685
39.64000    0.037969730707
39.65000    0.030494528192
39.66000    0.023255174786
39.67000    0.016488835949
39.68000    0.010397683031
39.69000    0.004839796919
39.70000    -0.000283377058
39.71000    -0.005115258678
39.72000    -0.009673525508
39.73000    -0.014441882251
39.74000    -0.019476623932
39.75000    -0.024384409347
39.76000    -0.029549094436
39.77000    -0.034973539370
39.78000    -0.040956430890
39.79000    -0.047362654001
39.80000    -0.054074904356
39.81000    -0.061312247875
39.82000    -0.068945449087
39.83000    -0.076830955109
39.84000    -0.084651431554
39.85000    -0.092328590953
39.86000    -0.099616781997
39.87000    -0.106317610574
39.88000    -0.112392392984
39.89000    -0.117889897709
39.90000    -0.122957709402
39.91000    -0.127697476397
39.92000    -0.132087516839
39.93000    -0.135964654034
39.94000    -0.139070653585
39.95000    -0.141483807799
39.96000    -0.143202558728
39.97000    -0.144457588720
39.98000    -0.145020870485
39.99000    -0.145190864067
40.00000    -0.144765922612
40.01000    -0.143986605129
40.02000    -0.143110104041
40.03000    -0.142501680786
40.04000    -0.142147479108
40.05000    -0.141981650705
40.06000    -0.141935958818
40.07000    -0.141918606786
40.08000    -0.141800300338
40.09000    -0.141607522931
40.10000    -0.141209728734
40.11000    -0.140106167568
40.12000    -0.137881838599
40.13000    -0.134277413983
40.14000    -0.129432603469
40.15000    -0.123955962928
40.16000    -0.118847688522
40.17000    -0.114561562777
40.18000    -0.111594918182
40.19000    -0.109584246751
40.20000    -0.108256386712
40.21000    -0.106950789154
40.22000    -0.105259628525
40.23000    -0.103279722841
40.24000    -0.100925280712
40.25000    -0.098252425333
40.26000    -0.095534354341
40.27000    -0.092789156207
40.28000    -0.090161113651
40.29000    -0.087807607987
40.30000    -0.085748403663
40.31000    -0.084238608082
40.32000    -0.083199410988
40.33000    -0.082637211053
40.34000    -0.082519575344
40.35000    -0.082634992613
40.36000    -0.083076711261
40.37000    -0.083968993726
40.38000    -0.085082261113
40.39000    -0.086347901813
40.40000    -0.087595659324
40.41000    -0.088790683164
40.42000    -0.089883919866
40.43000    -0.090880569522
40.44000    -0.092171829990
40.45000    -0.093978656465
40.46000    -0.096101027577
40.47000    -0.098164292042
40.48000    -0.100028651368
40.49000    -0.101303492692
40.50000    -0.102016396859
40.51000    -0.102381059725
40.52000    -0.102569065484
40.53000    -0.102447531871
40.54000    -0.102183817211
40.55000    -0.101526824771
40.56000    -0.100701351411
40.57000    -0.099581495625
40.58000    -0.098207404067
40.59000    -0.096700061405
40.60000    -0.095151136299
40.61000    -0.093708875321
40.62000    -0.092383579877
40.63000    -0.091352472423
40.64000    -0.090560539687
40.65000    -0.090148012289
40.66000    -0.089970702387
40.67000    -0.089897722017
40.68000    -0.089905555585
40.69000    -0.089799707745
40.70000    -0.089746108449
40.71000    -0.089656337819
40.72000    -0.089584022130
40.73000    -0.089521372378
40.74000    -0.089384427412
40.75000    -0.089226029637
40.76000    -0.088910198743
40.77000    -0.088568103503
40.78000    -0.088201756255
40.79000    -0.087879240969
40.80000    -0.087468078391
40.81000    -0.087012736261
40.82000    -0.086474640220
40.83000    -0.085739139942
40.84000    -0.085106708284
40.85000    -0.084278027570
40.86000    -0.083492984980
40.87000    -0.082996522055
40.88000    -0.082780621681
40.89000    -0.082769738712
40.90000    -0.082830712296
40.91000    -0.082899934187
40.92000    -0.083024482753
40.93000    -0.082954921997
40.94000    -0.082817721562
40.95000    -0.082571145505
40.96000    -0.082243328808
40.97000    -0.082029685874
40.98000    -0.081419621300
40.99000    -0.080839143817
41.00000    -0.079996664296
41.01000    -0.079125359793
41.02000    -0.078228689032
41.03000    -0.077264301751
41.04000    -0.076328573773
41.05000    -0.075374421944
41.06000    -0.074347449581
41.07000    -0.073328947100
41.08000    -0.072239387621
41.09000    -0.071265305123
41.10000    -0.070460203407
41.11000    -0.069882370896
41.12000    -0.069545067290
41.13000    -0.069349123702
41.14000    -0.069346183298
41.15000    -0.069470553275
41.16000    -0.069692787295
41.17000    -0.069972877523
41.18000    -0.070167855895
41.19000    -0.070230909357
41.20000    -0.070174443296
41.21000    -0.070124579548
41.22000    -0.069934827788
41.23000    -0.069585374281
41.24000    -0.069084001099
41.25000    -0.068551325511
41.26000    -0.067880575415
41.27000    -0.067361374587
41.28000    -0.066710134414
41.29000    -0.066027989426
41.30000    -0.065371939317
41.31000    -0.065072669157
41.32000    -0.065015982659
41.33000    -0.065118292587
41.34000    -0.065258870817
41.35000    -0.065338172619
41.36000    -0.065293390523
41.37000    -0.065169893894
41.38000    -0.065026078328
41.39000    -0.064716803147
41.40000    -0.064475204705
41.41000    -0.063918544895
41.42000    -0.063399373702
41.43000    -0.062631689325
41.44000    -0.061947232031
41.45000    -0.061281428786
41.46000    -0.060792087444
41.47000    -0.060461769668
41.48000    -0.060270576690
41.49000    -0.060320550818
41.50000    -0.060493922449
41.51000    -0.060599055237
41.52000    -0.060379159350
41.53000    -0.059981909182
41.54000    -0.059663369939
41.55000    -0.059509206837
41.56000    -0.059557769300
41.57000    -0.059800281285
41.58000    -0.060273557256
41.59000    -0.060821003329
41.60000    -0.061361883904
41.61000    -0.061793690155
41.62000    -0.062147652689
41.63000    -0.062214882779
41.64000    -0.062344612711
41.65000    -0.062338367691
41.66000    -0.062210076612
41.67000    -0.061913920193
41.68000    -0.061543327455
41.69000    -0.061190229506
41.70000    -0.060953680251
41.71000    -0.060919091410
41.72000    -0.060962598217
41.73000    -0.061115404762
41.74000    -0.060980837116
41.75000    -0.061001389484
41.76000    -0.060777153040
41.77000    -0.060349499602
41.78000    -0.059856790707
41.79000    -0.059460103790
41.80000    -0.059209902801
41.81000    -0.058970694490
41.82000    -0.058786284156
41.83000    -0.058514260384
41.84000    -0.058183339548
41.85000    -0.057973532603
41.86000    -0.058042394505
41.87000    -0.058151007644
41.88000    -0.058385235497
41.89000    -0.058499599483
41.90000    -0.058467856888
41.91000    -0.058301838727
41.92000    -0.058172140678
41.93000    -0.058282640778
41.94000    -0.058474632841
41.95000    -0.058789195220
41.96000    -0.059234697649
41.97000    -0.059741049891
41.98000    -0.060186232620
41.99000    -0.060674822007
42.00000    -0.061274264740
42.01000    -0.061811379771
42.02000    -0.062233678676
42.03000    -0.062565151854
42.04000    -0.062741134858
42.05000    -0.062832620083
42.06000    -0.062646894420
42.07000    -0.062254381026
42.08000    -0.061829339461
42.09000    -0.061338065772
42.10000    -0.060872883878
42.11000    -0.060459799879
42.12000    -0.060024318206
42.13000    -0.059549488117
42.14000    -0.059119545903
42.15000    -0.058725378627
42.16000    -0.058350632573
42.17000    -0.058180666218
42.18000    -0.057972861865
42.19000    -0.057836363444
42.20000    -0.057421066454
42.21000    -0.057045763376
42.22000    -0.056459056248
42.23000    -0.055910696754
42.24000    -0.055382667733
42.25000    -0.055258576104
42.26000    -0.055247720389
42.27000    -0.055490057060
42.28000    -0.055736094548
42.29000    -0.055892016494
42.30000    -0.055925718103
42.31000    -0.055891545222
42.32000    -0.055717598004
42.33000    -0.055477346838
42.34000    -0.055161309746
42.35000    -0.054851527621
42.36000    -0.054284075661
42.37000    -0.053642376512
42.38000    -0.052717671825
42.39000    -0.051885988202
42.40000    -0.051154835801
42.41000    -0.050602563952
42.42000    -0.050291128106
42.43000    -0.050178208810
42.44000    -0.050183068568
42.45000    -0.050210106032
42.46000    -0.050316497070
42.47000    -0.050365036686
42.48000    -0.050406149373
42.49000    -0.050351518454
42.50000    -0.050158510922
42.51000    -0.049978480228
42.52000    -0.049804764814
42.53000    -0.049680706241
42.54000    -0.049634653204
42.55000    -0.049581762932
42.56000    -0.049516619800
42.57000    -0.049403037606
42.58000    -0.049284012453
42.59000    -0.049082255029
42.60000    -0.048820538510
42.61000    -0.048538855206
42.62000    -0.048163991820
42.63000    -0.047791851713
42.64000    -0.047458926892
42.65000    -0.047284654864
42.66000    -0.047187493430
42.67000    -0.047259422697
42.68000    -0.047125382962
42.69000    -0.046990027671
42.70000    -0.046631694015
42.71000    -0.046266254824
42.72000    -0.045817449779
42.73000    -0.045168429799
42.74000    -0.044572142013
42.75000    -0.044292150862
42.76000    -0.044360710357
42.77000    -0.044717207498
42.78000    -0.045137531243
42.79000    -0.045471228922
42.80000    -0.045671344290
42.81000    -0.045536257647
42.82000    -0.045317252892
42.83000    -0.044997453971
42.84000    -0.044528224099
42.85000    -0.044191162615
42.86000    -0.043546944124
42.87000    -0.043040516498
42.88000    -0.042298058163
42.89000    -0.041714949031
42.90000    -0.041225468707
42.91000    -0.040904069602
42.92000    -0.040698597964
42.93000    -0.040649679993
42.94000    -0.040617654220
42.95000    -0.040608569776
42.96000    -0.040586326609
42.97000    -0.040610928660
42.98000    -0.040737490045
42.99000    -0.040940685555
43.00000    -0.041164554202
43.01000    -0.041444391024
43.02000    -0.041742228305
43.03000    -0.042118547971
43.04000    -0.042655547516
43.05000    -0.043400608361
43.06000    -0.044409414529
43.07000    -0.045625750366
43.08000    -0.047040188141
43.09000    -0.048688651367
43.10000    -0.050504753773
43.11000    -0.052366937231
43.12000    -0.054086937851
43.13000    -0.055400967062
43.14000    -0.056278761130
43.15000    -0.056932048857
43.16000    -0.057542070595
43.17000    -0.058335334985
43.18000    -0.059213768831
43.19000    -0.060349836277
43.20000    -0.061661658205
43.21000    -0.063229399332
43.22000    -0.064881167340
43.23000    -0.066825657855
43.24000    -0.068824443015
43.25000    -0.070949393422
43.26000    -0.073407461147
43.27000    -0.076459923313
43.28000    -0.080010002654
43.29000    -0.083983393277
43.30000    -0.088030509654
43.31000    -0.092230892457
43.32000    -0.096647858505
43.33000    -0.101259882980
43.34000    -0.105693102265
43.35000    -0.109744685114
43.36000    -0.113382450682
43.37000    -0.116778731001
43.38000    -0.119717144430
43.39000    -0.122448301452
43.40000    -0.124782883059
43.41000    -0.126878428419
43.42000    -0.128641398668
43.43000    -0.130167244711
43.44000    -0.131673550023
43.45000    -0.133391590528
43.46000    -0.135381956941
43.47000    -0.137645188237
43.48000    -0.140191894048
43.49000    -0.143064398978
43.50000    -0.146131171327
43.51000    -0.149395048970
43.52000    -0.152777357101
43.53000    -0.156365575183
43.54000    -0.160049716907
43.55000    -0.163814807609
43.56000    -0.167613778790
43.57000    -0.171447822099
43.58000    -0.175309514769
43.59000    -0.179051587315
43.60000    -0.182626129243
43.61000    -0.186125838077
43.62000    -0.189726523275
43.63000    -0.193411214741
43.64000    -0.196893238387
43.65000    -0.200140045460
43.66000    -0.203327830621
43.67000    -0.206409948911
43.68000    -0.209637173150
43.69000    -0.213026228906
43.70000    -0.216438217343
43.71000    -0.220006933380
43.72000    -0.223629986155
43.73000    -0.227058872793
43.74000    -0.230292942278
43.75000    -0.233467648261
43.76000    -0.236413246463
43.77000    -0.239182571452
43.78000    -0.242126154257
43.79000    -0.245222296836
43.80000    -0.248610376646
43.81000    -0.252120123323
43.82000    -0.255782475405
43.83000    -0.259569878815
43.84000    -0.263464224201
43.85000    -0.267303300914
43.86000    -0.271105148059
43.87000    -0.274961157339
43.88000    -0.278591758291
43.89000    -0.281825030867
43.90000    -0.284381608396
43.91000    -0.286381966282
43.92000    -0.288197199776
43.93000    -0.290086210084
43.94000    -0.291816238770
43.95000    -0.293591135620
43.96000    -0.295461993348
43.97000    -0.297452411028
43.98000    -0.299869776942
43.99000    -0.302678990296
44.00000    -0.305739819526
44.01000    -0.308953959874
44.02000    -0.312493630833
44.03000    -0.316048021113
44.04000    -0.319582197713
44.05000    -0.323352789672
44.06000    -0.327365632905
44.07000    -0.331475024261
44.08000    -0.335519102453
44.09000    -0.339440007257
44.10000    -0.343213970803
44.11000    -0.346712011665
44.12000    -0.350148311743
44.13000    -0.353381749498
44.14000    -0.356545843283
44.15000    -0.359487529965
44.16000    -0.362142297616
44.17000    -0.364362109093
44.18000    -0.366380455752
44.19000    -0.368017500157
44.20000    -0.368900054255
44.21000    -0.369725340021
44.22000    -0.370367306424
44.23000    -0.371224918397
44.24000    -0.372400777469
44.25000    -0.373967214759
44.26000    -0.376026398589
44.27000    -0.378349378883
44.28000    -0.380831980921
44.29000    -0.383382324961
44.30000    -0.386225604117
44.31000    -0.388998330297
44.32000    -0.391665162965
44.33000    -0.394056336902
44.34000    -0.396126467496
44.35000    -0.397863612445
44.36000    -0.399307995930
44.37000    -0.400467991282
44.38000    -0.401301655200
44.39000    -0.401919918919
44.40000    -0.402462667080
44.41000    -0.402818439697
44.42000    -0.403150126456
44.43000    -0.403715885733
44.44000    -0.404290858443
44.45000    -0.404977861603
44.46000    -0.405715731999
44.47000    -0.406646978898
44.48000    -0.407688239240
44.49000    -0.408736587309
44.50000    -0.409834410133
44.51000    -0.410688040468
44.52000    -0.411625095446
44.53000    -0.412453868675
44.54000    -0.413374548127
44.55000    -0.414272158799
44.56000    -0.415258662744
44.57000    -0.416227726316
44.58000    -0.417265177721
44.59000    -0.418611536927
44.60000    -0.420043971387
44.61000    -0.421507205933
44.62000    -0.422948306594
44.63000    -0.424310824027
44.64000    -0.425373281359
44.65000    -0.426093796251
44.66000    -0.426879070588
44.67000    -0.427296506364
44.68000    -0.427862232102
44.69000    -0.428760649340
44.70000    -0.429637209148
44.71000    -0.430393684652
44.72000    -0.431004311656
44.73000    -0.431543694095
44.74000    -0.432120121815
44.75000    -0.432681660850
44.76000    -0.433395535794
44.77000    -0.434142738017
44.78000    -0.434940980006
44.79000    -0.435764872974
44.80000    -0.436772249759
44.81000    -0.438165214390
44.82000    -0.439762336175
44.83000    -0.441439167481
44.84000    -0.443064135389
44.85000    -0.444446397308
44.86000    -0.445803711045
44.87000    -0.447355338025
44.88000    -0.449180511658
44.89000    -0.450870693716
44.90000    -0.452235277702
44.91000    -0.453185473241
44.92000    -0.454094691021
44.93000    -0.454867285412
44.94000    -0.455366259344
44.95000    -0.455536463842
44.96000    -0.455588147824
44.97000    -0.455672387358
44.98000    -0.455825131982
44.99000    -0.455846521521
45.00000    -0.455938450693
45.01000    -0.456022519203
45.02000    -0.456327948609
45.03000    -0.456661431875
45.04000    -0.456963510056
45.05000    -0.457133121453
45.06000    -0.457153362142
45.07000    -0.457029706858
45.08000    -0.456771797204
45.09000    -0.456785961859
45.10000    -0.456644916239
45.11000    -0.456702209383
45.12000    -0.456835783319
45.13000    -0.457082015864
45.14000    -0.457449891286
45.15000    -0.457722009695
45.16000    -0.457871863078
45.17000    -0.457879136601
45.18000    -0.457718881883
45.19000    -0.457862385806
45.20000    -0.457987219565
45.21000    -0.458089282731
45.22000    -0.458371373886
45.23000    -0.458503573915
45.24000    -0.458634648014
45.25000    -0.458607829832
45.26000    -0.458454386805
45.27000    -0.458338848680
45.28000    -0.458022823059
45.29000    -0.457565239341
45.30000    -0.456942024196
45.31000    -0.456271354233
45.32000    -0.455211731157
45.33000    -0.453658339308
45.34000    -0.452235107503
45.35000    -0.451091230603
45.36000    -0.450694667704
45.37000    -0.450820373266
45.38000    -0.451142874800
45.39000    -0.451461701035
45.40000    -0.451683120916
45.41000    -0.451691421128
45.42000    -0.451598477815
45.43000    -0.451265450615
45.44000    -0.450679386358
45.45000    -0.449863874298
45.46000    -0.448766039435
45.47000    -0.447270278008
45.48000    -0.445879587687
45.49000    -0.444179125537
45.50000    -0.442020651505
45.51000    -0.439330839506
45.52000    -0.436311759788
45.53000    -0.433782588466
45.54000    -0.431484274902
45.55000    -0.429455008531
45.56000    -0.427796417468
45.57000    -0.426985043503
45.58000    -0.426544805581
45.59000    -0.426871042243
45.60000    -0.427251328349
45.61000    -0.427350696123
45.62000    -0.427129581620
45.63000    -0.426476873661
45.64000    -0.425624107797
45.65000    -0.424625905473
45.66000    -0.423635550219
45.67000    -0.422358954631
45.68000    -0.421061879413
45.69000    -0.419707185293
45.70000    -0.418348463372
45.71000    -0.416897963218
45.72000    -0.415140522166
45.73000    -0.412891823591
45.74000    -0.410472384734
45.75000    -0.408118813238
45.76000    -0.405696826245
45.77000    -0.403317930670
45.78000    -0.401014711799
45.79000    -0.398802336211
45.80000    -0.396823521503
45.81000    -0.395187614675
45.82000    -0.393771396083
45.83000    -0.392481437325
45.84000    -0.391137433246
45.85000    -0.389369272803
45.86000    -0.387540419264
45.87000    -0.385451947506
45.88000    -0.383193568485
45.89000    -0.380880988621
45.90000    -0.378584216112
45.91000    -0.376373570018
45.92000    -0.374231192866
45.93000    -0.371964792375
45.94000    -0.369354202768
45.95000    -0.366337962273
45.96000    -0.362627315981
45.97000    -0.358399146468
45.98000    -0.353672939037
45.99000    -0.348902732144
46.00000    -0.344309465779
46.01000    -0.339807547718
46.02000    -0.335623168251
46.03000    -0.331584054097
46.04000    -0.327438248968
46.05000    -0.323290072694
46.06000    -0.319086015251
46.07000    -0.314975662683
46.08000    -0.311066432227
46.09000    -0.307379989861
46.10000    -0.304037110250
46.11000    -0.300756848843
46.12000    -0.297394454763
46.13000    -0.293814003963
46.14000    -0.290088346807
46.15000    -0.286358861114
46.16000    -0.282791574269
46.17000    -0.279550874155
46.18000    -0.276462185217
46.19000    -0.273429924119
46.20000    -0.270540077236
46.21000    -0.268222775283
46.22000    -0.266229565332
46.23000    -0.264654853250
46.24000    -0.263416197396
46.25000    -0.262232373944
46.26000    -0.260349591801
46.27000    -0.257541109975
46.28000    -0.254058480324
46.29000    -0.249836869794
46.30000    -0.245387790991
46.31000    -0.240920050930
46.32000    -0.236044370228
46.33000    -0.230909394444
46.34000    -0.225539363765
46.35000    -0.220028011754
46.36000    -0.214496955958
46.37000    -0.208180989536
46.38000    -0.201001411662
46.39000    -0.193465328328
46.40000    -0.185374235961
46.41000    -0.177528215167
46.42000    -0.169677266279
46.43000    -0.161875993384
46.44000    -0.153762662147
46.45000    -0.145529484985
46.46000    -0.136724230198
46.47000    -0.127842339163
46.48000    -0.119346157067
46.49000    -0.111200664816
46.50000    -0.103218448400
46.51000    -0.095457726217
46.52000    -0.087806171080
46.53000    -0.080425465241
46.54000    -0.073257032958
46.55000    -0.066022678258
46.56000    -0.058826899669
46.57000    -0.051936192630
46.58000    -0.045318431483
46.59000    -0.038886983606
46.60000    -0.032714244589
46.61000    -0.026442121347
46.62000    -0.020340564467
46.63000    -0.014228855889
46.64000    -0.008454230039
46.65000    -0.002866004028
46.66000    0.002558158282
46.67000    0.007683832730
46.68000    0.012551227060
46.69000    0.017285168787
46.70000    0.021698992046
46.71000    0.025880298422
46.72000    0.030120717093
46.73000    0.034428695455
46.74000    0.038897834789
46.75000    0.043095742137
46.76000    0.046884823861
46.77000    0.050185995790
46.78000    0.053120135729
46.79000    0.055399408485
46.80000    0.057418893289
46.81000    0.059336411273
46.82000    0.061147120884
46.83000    0.062840718929
46.84000    0.064428847046
46.85000    0.065978746370
46.86000    0.067532538679
46.87000    0.069343351259
46.88000    0.071405982012
46.89000    0.073874151552
46.90000    0.076419629477
46.91000    0.079241579558
46.92000    0.082108968280
46.93000    0.085115029864
46.94000    0.088287173903
46.95000    0.091807633932
46.96000    0.095669659596
46.97000    0.099790027411
46.98000    0.103980169454
46.99000    0.107842631359
47.00000    0.111609295248
47.01000    0.115288931815
47.02000    0.119182099359
47.03000    0.123172812172
47.04000    0.127414985806
47.05000    0.132140743653
47.06000    0.136665449200
47.07000    0.140606783882
47.08000    0.144392067232
47.09000    0.148124803669
47.10000    0.151617370048
47.11000    0.155043473729
47.12000    0.158864239532
47.13000    0.163069700662
47.14000    0.167511232610
47.15000    0.172153862019
47.16000    0.177182304377
47.17000    0.182423752234
47.18000    0.187630008934
47.19000    0.192852759032
47.20000    0.198343217789
47.21000    0.203978234814
47.22000    0.210028299158
47.23000    0.216298796967
47.24000    0.222849197378
47.25000    0.229586169234
47.26000    0.236218735252
47.27000    0.242305624478
47.28000    0.247638962517
47.29000    0.252800266424
47.30000    0.258019551252
47.31000    0.263171889919
47.32000    0.268363873575
47.33000    0.273706529886
47.34000    0.278841531594
47.35000    0.284071970430
47.36000    0.289295274743
47.37000    0.294862523274
47.38000    0.300664339151
47.39000    0.307125293610
47.40000    0.313909335072
47.41000    0.320614366342
47.42000    0.327462115777
47.43000    0.334220422952
47.44000    0.340863086145
47.45000    0.347204311075
47.46000    0.353248005136
47.47000    0.358958106259
47.48000    0.364142496837
47.49000    0.368617186481
47.50000    0.372918092653
47.51000    0.377359107247
47.52000    0.382114653451
47.53000    0.387193891887
47.54000    0.392858543311
47.55000    0.399082856590
47.56000    0.405684918881
47.57000    0.411730052130
47.58000    0.416634114498
47.59000    0.420681050310
47.60000    0.424272131415
47.61000    0.427803292616
47.62000    0.431345098640
47.63000    0.434758867237
47.64000    0.438109656174
47.65000    0.441296172661
47.66000    0.444423853377
47.67000    0.447743168946
47.68000    0.451161397465
47.69000    0.454802777537
47.70000    0.458200833126
47.71000    0.461981574579
47.72000    0.466595689395
47.73000    0.470817996832
47.74000    0.474331318385
47.75000    0.477618894531
47.76000    0.480273040889
47.77000    0.483094351578
47.78000    0.485813747549
47.79000    0.488456095348
47.80000    0.491323431735
47.81000    0.494385274662
47.82000    0.497446608397
47.83000    0.500473304988
47.84000    0.503668441206
47.85000    0.506981432941
47.86000    0.510608189694
47.87000    0.514318196123
47.88000    0.518212009244
47.89000    0.521834618665
47.90000    0.524982952454
47.91000    0.527622693618
47.92000    0.530072549980
47.93000    0.532459188399
47.94000    0.534660605218
47.95000    0.536784069879
47.96000    0.538805700734
47.97000    0.540775434193
47.98000    0.542475865160
47.99000    0.543966256108
48.00000    0.545539486176
48.01000    0.547001072908
48.02000    0.548434390409
48.03000    0.549776788465
48.04000    0.551112386579
48.05000    0.552505551926
48.06000    0.554066390284
48.07000    0.556011533082
48.08000    0.558053271656
48.09000    0.560131101694
48.10000    0.562311581461
48.11000    0.564098271174
48.12000    0.565770638559
48.13000    0.567077774355
48.14000    0.567994484765
48.15000    0.569106182976
48.16000    0.570122789539
48.17000    0.571327345454
48.18000    0.572702810325
48.19000    0.574017881915
48.20000    0.575525012311
48.21000    0.577307552164
48.22000    0.578718155253
48.23000    0.580487463532
48.24000    0.582304256386
48.25000    0.583885527320
48.26000    0.585091541380
48.27000    0.585817811688
48.28000    0.586425253715
48.29000    0.587081790797
48.30000    0.587779907311
48.31000    0.588443354509
48.32000    0.589159834001
48.33000    0.590156360258
48.34000    0.591282720472
48.35000    0.592588910914
48.36000    0.594326759890
48.37000    0.596159349111
48.38000    0.598253397614
48.39000    0.600594508550
48.40000    0.602941011996
48.41000    0.604943100267
48.42000    0.606578070758
48.43000    0.607749639544
48.44000    0.608503186492
48.45000    0.609221815491
48.46000    0.610008664321
48.47000    0.611227690009
48.48000    0.612416126231
48.49000    0.613329477398
48.50000    0.614122685381
48.51000    0.615052390215
48.52000    0.616194031304
48.53000    0.617874614648
48.54000    0.620023417553
48.55000    0.622080218369
48.56000    0.623833444414
48.57000    0.625702956058
48.58000    0.627453463135
48.59000    0.628631002107
48.60000    0.629598014909
48.61000    0.629849065030
48.62000    0.629182730657
48.63000    0.628026099172
48.64000    0.626798571005
48.65000    0.625750587958
48.66000    0.624752153528
48.67000    0.623799186259
48.68000    0.622793996137
48.69000    0.621583635732
48.70000    0.620275021003
48.71000    0.619390056832
48.72000    0.618512199114
48.73000    0.618042309552
48.74000    0.617947706718
48.75000    0.617934297699
48.76000    0.617776391364
48.77000    0.617242675397
48.78000    0.616142974814
48.79000    0.614840574228
48.80000    0.613448693616
48.81000    0.611937378937
48.82000    0.610376536019
48.83000    0.608718007388
48.84000    0.606761714856
48.85000    0.604696582297
48.86000    0.602936579845
48.87000    0.601166616135
48.88000    0.599665247641
48.89000    0.598191466132
48.90000    0.596650963260
48.91000    0.594958641636
48.92000    0.593224285373
48.93000    0.591298107041
48.94000    0.589429104730
48.95000    0.588171452479
48.96000    0.586646349476
48.97000    0.585059381074
48.98000    0.584529130764
48.99000    0.584260514261
49.00000    0.583874682676
49.01000    0.583433622897
49.02000    0.582564304202
49.03000    0.581395499468
49.04000    0.580053286558
49.05000    0.578412121554
49.06000    0.576399630109
49.07000    0.574217186262
49.08000    0.571993043823
49.09000    0.569616587162
49.10000    0.567157798498
49.11000    0.564618303730
49.12000    0.561853329244
49.13000    0.558870439094
49.14000    0.555643030942
49.15000    0.551982548210
49.16000    0.548040524664
49.17000    0.544488210948
49.18000    0.541299683674
49.19000    0.537894966232
49.20000    0.533933947914
49.21000    0.530336543105
49.22000    0.526743269062
49.23000    0.522321525750
49.24000    0.517688686953
49.25000    0.513380636476
49.26000    0.509220223600
49.27000    0.504543722789
49.28000    0.499592308243
49.29000    0.494947487948
49.30000    0.490471406840
49.31000    0.483928004244
49.32000    0.474698222390
49.33000    0.464447897771
49.34000    0.454488958634
49.35000    0.445889101479
49.36000    0.437747242127
49.37000    0.429832589228
49.38000    0.422037567495
49.39000    0.414435135115
49.40000    0.407403570150
49.41000    0.401035425445
49.42000    0.395048664503
49.43000    0.389684216589
49.44000    0.384968439108
49.45000    0.380673279760
49.46000    0.376556747682
49.47000    0.372389928626
49.48000    0.368017799972
49.49000    0.363470061029
49.50000    0.358932089746
49.51000    0.354450483975
49.52000    0.349861048307
49.53000    0.344884323292
49.54000    0.339369822751
49.55000    0.333741651098
49.56000    0.327866868196
49.57000    0.321630087439
49.58000    0.315159966409
49.59000    0.309019884842
49.60000    0.303216760257
49.61000    0.297430384680
49.62000    0.291158844582
49.63000    0.284895020353
49.64000    0.278037402898
49.65000    0.270599405446
49.66000    0.263587719711
49.67000    0.256914204034
49.68000    0.251080747372
49.69000    0.244957400802
49.70000    0.238134188655
49.71000    0.230738660386
49.72000    0.223112855354
49.73000    0.215237960079
49.74000    0.207905007212
49.75000    0.200923304238
49.76000    0.194085781598
49.77000    0.187030739007
49.78000    0.179907672549
49.79000    0.172480375753
49.80000    0.164999166354
49.81000    0.157469761795
49.82000    0.149773983339
49.83000    0.141475850141
49.84000    0.133026039196
49.85000    0.125039719101
49.86000    0.117047999615
49.87000    0.108985226838
49.88000    0.101063693518
49.89000    0.092794453714
49.90000    0.084688105651
49.91000    0.076873791278
49.92000    0.069173992220
49.93000    0.062313372097
49.94000    0.056864389336
49.95000    0.052266913429
49.96000    0.048649846210
49.97000    0.046867351239
49.98000    0.046872253222
49.99000    0.047515202907
50.00000    0.048553419453
50.01000    0.049701688340
50.02000    0.049950052422
50.03000    0.049605394620
50.04000    0.048505108031
50.05000    0.046743223916
50.06000    0.044259428694
50.07000    0.040740731153
50.08000    0.036523544238
50.09000    0.031706234435
50.10000    0.026341067860
50.11000    0.020107546949
50.12000    0.013534097746
50.13000    0.007120200789
50.14000    0.000956484537
50.15000    -0.005135890639
50.16000    -0.011242963889
50.17000    -0.017286290509
50.18000    -0.022928696104
50.19000    -0.028100323611
50.20000    -0.032891254878
50.21000    -0.037618383060
50.22000    -0.042233785954
50.23000    -0.046361858658
50.24000    -0.050177054740
50.25000    -0.053980590748
50.26000    -0.058348386361
50.27000    -0.062701007106
50.28000    -0.067045037219
50.29000    -0.071231646246
50.30000    -0.075547878608
50.31000    -0.079821949963
50.32000    -0.084327537211
50.33000    -0.089342582082
50.34000    -0.094638483403
50.35000    -0.100208190137
50.36000    -0.106090318096
50.37000    -0.112223111179
50.38000    -0.118648321301
50.39000    -0.125297949198
50.40000    -0.132086416708
50.41000    -0.139183211931
50.42000    -0.146675639998
50.43000    -0.154764364959
50.44000    -0.163614356607
50.45000    -0.172843013302
50.46000    -0.181639762767
50.47000    -0.189962012651
50.48000    -0.198180036292
50.49000    -0.206422796377
50.50000    -0.214014907229
50.51000    -0.220919145540
50.52000    -0.227376075584
50.53000    -0.233975364918
50.54000    -0.240976855387
50.55000    -0.249079888327
50.56000    -0.258051602799
50.57000    -0.266944697587
50.58000    -0.274897500075
50.59000    -0.281194672076
50.60000    -0.286148705878
50.61000    -0.289693112698
50.62000    -0.292139512649
50.63000    -0.294352926239
50.64000    -0.296588953820
50.65000    -0.298853361791
50.66000    -0.301036042628
50.67000    -0.303210202508
50.68000    -0.305419470412
50.69000    -0.307669738051
50.70000    -0.309833817464
50.71000    -0.311935561425
50.72000    -0.313914096046
50.73000    -0.316080947447
50.74000    -0.318102401876
50.75000    -0.320011617751
50.76000    -0.321609592308
50.77000    -0.322990201418
50.78000    -0.324234460982
50.79000    -0.325513927097
50.80000    -0.326928864625
50.81000    -0.328381654262
50.82000    -0.329810045483
50.83000    -0.331084163052
50.84000    -0.332254456803
50.85000    -0.333514688876
50.86000    -0.334728622850
50.87000    -0.335890977086
50.88000    -0.337109409991
50.89000    -0.338341396605
50.90000    -0.339664391791
50.91000    -0.340977972981
50.92000    -0.342385451967
50.93000    -0.343824227603
50.94000    -0.345298520650
50.95000    -0.346959698090
50.96000    -0.348754100438
50.97000    -0.350688283830
50.98000    -0.352509009247
50.99000    -0.354218832102
51.00000    -0.355905117707
51.01000    -0.357593514972
51.02000    -0.359160544929
51.03000    -0.360763929376
51.04000    -0.362674749360
51.05000    -0.364937087460
51.06000    -0.367324067716
51.07000    -0.369544658395
51.08000    -0.371443378677
51.09000    -0.372788131680
51.10000    -0.373698338027
51.11000    -0.374119738269
51.12000    -0.374392009447
51.13000    -0.375089274203
51.14000    -0.376427444552
51.15000    -0.378376824497
51.16000    -0.380533202157
51.17000    -0.382562593448
51.18000    -0.384267100886
51.19000    -0.385375943048
51.20000    -0.386131310693
51.21000    -0.386726574771
51.22000    -0.387253224956
51.23000    -0.387479347443
51.24000    -0.387344209576
51.25000    -0.386926447495
51.26000    -0.386529563715
51.27000    -0.386268866467
51.28000    -0.386268726824
51.29000    -0.386649442228
51.30000    -0.387234792283
51.31000    -0.388016656869
51.32000    -0.388833544300
51.33000    -0.389807454060
51.34000    -0.390961904294
51.35000    -0.392235649495
51.36000    -0.393816375323
51.37000    -0.395466143694
51.38000    -0.397414808722
51.39000    -0.399217978772
51.40000    -0.401589195298
51.41000    -0.403870570308
51.42000    -0.406164652233
51.43000    -0.408311657584
51.44000    -0.410218732557
51.45000    -0.411419424063
51.46000    -0.411922069750
51.47000    -0.412063878091
51.48000    -0.412043013961
51.49000    -0.411989666706
51.50000    -0.411913529224
51.51000    -0.412275121442
51.52000    -0.412577363162
51.53000    -0.413453310719
51.54000    -0.414298670778
51.55000    -0.414971911403
51.56000    -0.415499932690
51.57000    -0.415903683966
51.58000    -0.416487420310
51.59000    -0.417252440933
51.60000    -0.417861984911
51.61000    -0.418541748356
51.62000    -0.419270716804
51.63000    -0.420878491593
51.64000    -0.423400364127
51.65000    -0.426589414212
51.66000    -0.429628156964
51.67000    -0.432283331115
51.68000    -0.434272816225
51.69000    -0.435756476771
51.70000    -0.436918249732
51.71000    -0.437650753245
51.72000    -0.438046674452
51.73000    -0.438281091552
51.74000    -0.438349745022
51.75000    -0.438749764274
51.76000    -0.439418247322
51.77000    -0.440312786889
51.78000    -0.441248040905
51.79000    -0.442704615591
51.80000    -0.444314345287
51.81000    -0.446354240003
51.82000    -0.448479636681
51.83000    -0.450142535993
51.84000    -0.451340700298
51.85000    -0.452073671432
51.86000    -0.452582917579
51.87000    -0.452921747960
51.88000    -0.453219104008
51.89000    -0.453492295017
51.90000    -0.453774810167
51.91000    -0.454558146053
51.92000    -0.456391972017
51.93000    -0.459108488947
51.94000    -0.461591340806
51.95000    -0.463155319592
51.96000    -0.463777415883
51.97000    -0.463585268627
51.98000    -0.463507961759
51.99000    -0.463591509219
52.00000    -0.463851317554
52.01000    -0.464062099940
52.02000    -0.464264798694
52.03000    -0.464802896809
52.04000    -0.465250602176
52.05000    -0.465692896941
52.06000    -0.465699605862
52.07000    -0.465451850864
52.08000    -0.465012899691
52.09000    -0.464798684687
52.10000    -0.464292136169
52.11000    -0.463864153832
52.12000    -0.463688880913
52.13000    -0.463723916386
52.14000    -0.463858527718
52.15000    -0.463868768573
52.16000    -0.463166702156
52.17000    -0.462576315279
52.18000    -0.462307075236
52.19000    -0.462261013378
52.20000    -0.462441401097
52.21000    -0.462614468041
52.22000    -0.462523912157
52.23000    -0.462413792494
52.24000    -0.462153165676
52.25000    -0.461761633541
52.26000    -0.461675751823
52.27000    -0.461655007940
52.28000    -0.461265919366
52.29000    -0.460531248172
52.30000    -0.459448344897
52.31000    -0.457917770744
52.32000    -0.455767299684
52.33000    -0.452856803570
52.34000    -0.449355940545
52.35000    -0.445903132373
52.36000    -0.442326516451
52.37000    -0.439088183019
52.38000    -0.436355380134
52.39000    -0.434304361463
52.40000    -0.432919169903
52.41000    -0.432273853140
52.42000    -0.431925668970
52.43000    -0.431665789865
52.44000    -0.431337754461
52.45000    -0.431107521177
52.46000    -0.430929123308
52.47000    -0.430902125934
52.48000    -0.431028260491
52.49000    -0.431204648081
52.50000    -0.430985808868
52.51000    -0.430412839536
52.52000    -0.429551079427
52.53000    -0.428563858678
52.54000    -0.427270817857
52.55000    -0.425615006735
52.56000    -0.423419635903
52.57000    -0.420877401062
52.58000    -0.418469699082
52.59000    -0.416392431955
52.60000    -0.414531869234
52.61000    -0.412905461547
52.62000    -0.411436137390
52.63000    -0.410028815763
52.64000    -0.408649603944
52.65000    -0.407403088312
52.66000    -0.406152505407
52.67000    -0.404866455460
52.68000    -0.403656596579
52.69000    -0.402403348286
52.70000    -0.401225519275
52.71000    -0.399980307419
52.72000    -0.398596722036
52.73000    -0.396986976520
52.74000    -0.395271776411
52.75000    -0.393429911921
52.76000    -0.391661573628
52.77000    -0.389937891289
52.78000    -0.388165158983
52.79000    -0.386329390155
52.80000    -0.384020017313
52.81000    -0.381429884844
52.82000    -0.378632127292
52.83000    -0.375556993636
52.84000    -0.372434600092
52.85000    -0.369362686555
52.86000    -0.366191196942
52.87000    -0.362510037208
52.88000    -0.358788483617
52.89000    -0.354848072913
52.90000    -0.350913190303
52.91000    -0.346821626934
52.92000    -0.342495755320
52.93000    -0.338004556874
52.94000    -0.333300338237
52.95000    -0.328600983799
52.96000    -0.324127738669
52.97000    -0.319858519459
52.98000    -0.315576342481
52.99000    -0.311246901683
53.00000    -0.306568640938
53.01000    -0.301947435282
53.02000    -0.297359236672
53.03000    -0.292943882289
53.04000    -0.288561144046
53.05000    -0.284056631212
53.06000    -0.279494198148
53.07000    -0.274914808613
53.08000    -0.270558202978
53.09000    -0.266386445348
53.10000    -0.262412486708
53.11000    -0.258471472052
53.12000    -0.254616679033
53.13000    -0.250687769834
53.14000    -0.246579792453
53.15000    -0.242114989495
53.16000    -0.237559991139
53.17000    -0.232848882146
53.18000    -0.228062907852
53.19000    -0.223144831936
53.20000    -0.218332756273
53.21000    -0.213382086655
53.22000    -0.208349874359
53.23000    -0.203316712648
53.24000    -0.198280528064
53.25000    -0.193073368568
53.26000    -0.187838535066
53.27000    -0.182694599505
53.28000    -0.177856287254
53.29000    -0.173072556641
53.30000    -0.168177284788
53.31000    -0.163266721550
53.32000    -0.158612142620
53.33000    -0.154311449170
53.34000    -0.150275442343
53.35000    -0.146109472443
53.36000    -0.142145372497
53.37000    -0.138224145603
53.38000    -0.134520976782
53.39000    -0.130722947780
53.40000    -0.126471446821
53.41000    -0.122017802365
53.42000    -0.117807815711
53.43000    -0.113879373647
53.44000    -0.110343668222
53.45000    -0.106797723768
53.46000    -0.103190035045
53.47000    -0.099548194096
53.48000    -0.096014738336
53.49000    -0.092651754797
53.50000    -0.089129495652
53.51000    -0.085733245823
53.52000    -0.082208244754
53.53000    -0.078778411483
53.54000    -0.075140659637
53.55000    -0.071370557693
53.56000    -0.067692375772
53.57000    -0.064023165406
53.58000    -0.060414210701
53.59000    -0.056775095519
53.60000    -0.053528745670
53.61000    -0.050534326455
53.62000    -0.047472263977
53.63000    -0.044344015235
53.64000    -0.041136363224
53.65000    -0.038187958297
53.66000    -0.035419482699
53.67000    -0.033046876457
53.68000    -0.030857919007
53.69000    -0.028522288397
53.70000    -0.026206707529
53.71000    -0.023986978710
53.72000    -0.021808940284
53.73000    -0.019565058922
53.74000    -0.017365006829
53.75000    -0.015257072990
53.76000    -0.013074600820
53.77000    -0.010883039284
53.78000    -0.008569206958
53.79000    -0.006289965801
53.80000    -0.003852167455
53.81000    -0.001245920211
53.82000    0.001349511550
53.83000    0.004022879638
53.84000    0.006496028194
53.85000    0.009380903828
53.86000    0.012755795403
53.87000    0.016472276706
53.88000    0.019986165150
53.89000    0.023357850447
53.90000    0.026438767556
53.91000    0.029193971626
53.92000    0.032035969068
53.93000    0.034887533818
53.94000    0.037845767301
53.95000    0.040819258924
53.96000    0.043916924435
53.97000    0.047175200882
53.98000    0.050503130213
53.99000    0.054050312778
54.00000    0.057828269348
54.01000    0.062002127065
54.02000    0.066269313432
54.03000    0.070660507421
54.04000    0.075172021820
54.05000    0.079905949057
54.06000    0.084741955562
54.07000    0.089600868686
54.08000    0.094657684320
54.09000    0.099876448398
54.10000    0.105032985803
54.11000    0.109974613841
54.12000    0.114707834865
54.13000    0.119349517642
54.14000    0.123587445390
54.15000    0.127827360302
54.16000    0.132286691387
54.17000    0.136628526317
54.18000    0.140999833628
54.19000    0.145574820890
54.20000    0.150076997481
54.21000    0.154641395226
54.22000    0.159212009966
54.23000    0.163824156001
54.24000    0.168192862272
54.25000    0.172093952095
54.26000    0.176047684323
54.27000    0.179745995513
54.28000    0.183351472573
54.29000    0.186612232652
54.30000    0.190096016344
54.31000    0.194076324323
54.32000    0.198416314708
54.33000    0.202526880622
54.34000    0.206442947131
54.35000    0.210361896728
54.36000    0.214711316588
54.37000    0.219340989801
54.38000    0.224060779757
54.39000    0.229103298976
54.40000    0.234236792189
54.41000    0.239052598921
54.42000    0.243427887463
54.43000    0.247326692750
54.44000    0.250428984125
54.45000    0.253620868309
54.46000    0.256806528381
54.47000    0.260104211332
54.48000    0.263464787145
54.49000    0.266941872151
54.50000    0.270627688915
54.51000    0.274883243466
54.52000    0.279610525370
54.53000    0.284997442707
54.54000    0.290910677042
54.55000    0.297127070566
54.56000    0.303491588211
54.57000    0.309932690713
54.58000    0.316692515886
54.59000    0.323543404987
54.60000    0.330396353693
54.61000    0.337148535958
54.62000    0.343375833538
54.63000    0.349514495861
54.64000    0.355785107047
54.65000    0.362030189107
54.66000    0.368315595805
54.67000    0.374538114928
54.68000    0.380568813583
54.69000    0.386513644705
54.70000    0.391841271503
54.71000    0.396807746237
54.72000    0.401600451890
54.73000    0.405990615350
54.74000    0.410147019758
54.75000    0.414260528550
54.76000    0.418076739641
54.77000    0.421348865283
54.78000    0.424295766359
54.79000    0.427378065825
54.80000    0.430452098431
54.81000    0.433642400543
54.82000    0.437147203830
54.83000    0.440748248827
54.84000    0.444083607770
54.85000    0.447364384111
54.86000    0.450397694022
54.87000    0.453870248739
54.88000    0.457407068443
54.89000    0.460600346940
54.90000    0.463658407657
54.91000    0.466755975159
54.92000    0.469625761115
54.93000    0.472272850092
54.94000    0.475192306295
54.95000    0.478152565878
54.96000    0.481064812822
54.97000    0.483910230627
54.98000    0.486903626325
54.99000    0.489864174358
55.00000    0.493133017236
55.01000    0.496010949809
55.02000    0.498776328826
55.03000    0.501333463583
55.04000    0.503913716607
55.05000    0.506904468161
55.06000    0.509837094629
55.07000    0.512617221355
55.08000    0.515391699289
55.09000    0.517895535967
55.10000    0.520105032003
55.11000    0.522288635913
55.12000    0.524520387201
55.13000    0.526494343797
55.14000    0.528275706574
55.15000    0.529608698839
55.16000    0.530788210164
55.17000    0.531984985785
55.18000    0.533227919969
55.19000    0.534600017473
55.20000    0.535905181792
55.21000    0.537206745267
55.22000    0.538553353502
55.23000    0.539723283311
55.24000    0.540742772356
55.25000    0.541670478979
55.26000    0.542838122849
55.27000    0.544302149154
55.28000    0.545818200014
55.29000    0.547759625181
55.30000    0.549657769768
55.31000    0.551267195352
55.32000    0.552614946816
55.33000    0.553812749758
55.34000    0.555014660448
55.35000    0.556178481548
55.36000    0.557344170550
55.37000    0.558700561554
55.38000    0.559514219756
55.39000    0.560251180941
55.40000    0.560669555434
55.41000    0.560624169353
55.42000    0.560686381324
55.43000    0.560682086315
55.44000    0.561109179522
55.45000    0.561723076853
55.46000    0.562577672632
55.47000    0.563554030386
55.48000    0.564967344688
55.49000    0.566203161172
55.50000    0.567311504568
55.51000    0.568526392630
55.52000    0.569617125835
55.53000    0.570615935773
55.54000    0.571590780242
55.55000    0.572484162449
55.56000    0.573160677515
55.57000    0.573651229376
55.58000    0.573939447804
55.59000    0.573818091422
55.60000    0.573370406268
55.61000    0.572416153483
55.62000    0.571252272953
55.63000    0.570294497393
55.64000    0.569304964439
55.65000    0.567996465775
55.66000    0.566668770314
55.67000    0.565258051160
55.68000    0.563837138719
55.69000    0.562610654728
55.70000    0.561764962205
55.71000    0.560848899355
55.72000    0.560167349156
55.73000    0.559721437879
55.74000    0.559461659385
55.75000    0.559343652535
55.76000    0.559224569044
55.77000    0.559243487331
55.78000    0.559575487494
55.79000    0.560187607400
55.80000    0.560549252972
55.81000    0.560865710877
55.82000    0.560974128438
55.83000    0.560812634402
55.84000    0.560080165075
55.85000    0.559212762345
55.86000    0.557882694978
55.87000    0.556372675131
55.88000    0.554282554067
55.89000    0.552106885534
55.90000    0.550212435509
55.91000    0.548626386223
55.92000    0.546961542659
55.93000    0.545730604422
55.94000    0.544673949282
55.95000    0.543354768846
55.96000    0.542382841256
55.97000    0.541637728588
55.98000    0.540833972332
55.99000    0.540170769303
56.00000    0.539728442820
56.01000    0.539826221627
56.02000    0.540221107540
56.03000    0.540988339362
56.04000    0.541938002780
56.05000    0.542918743890
56.06000    0.544024145686
56.07000    0.544949479496
56.08000    0.545464434678
56.09000    0.545518245564
56.10000    0.544944990567
56.11000    0.543359175015
56.12000    0.540698561305
56.13000    0.537572425115
56.14000    0.533883056411
56.15000    0.529449352880
56.16000    0.525290463228
56.17000    0.522234533510
56.18000    0.519420565392
56.19000    0.515830833722
56.20000    0.512896346220
56.21000    0.511277565500
56.22000    0.509198161287
56.23000    0.506578645055
56.24000    0.504706793923
56.25000    0.503530853789
56.26000    0.503099080075
56.27000    0.503054303212
56.28000    0.502933191664
56.29000    0.502419738766
56.30000    0.501052635957
56.31000    0.498734120314
56.32000    0.495723192456
56.33000    0.492250128670
56.34000    0.488346088119
56.35000    0.483932208096
56.36000    0.478854953444
56.37000    0.473505963388
56.38000    0.467699833569
56.39000    0.461095130919
56.40000    0.453613726504
56.41000    0.445898257859
56.42000    0.437607879926
56.43000    0.428807506260
56.44000    0.419770982798
56.45000    0.410570273440
56.46000    0.401507170933
56.47000    0.392783041817
56.48000    0.384604507063
56.49000    0.377834305012
56.50000    0.372869626627
56.51000    0.369179843829
56.52000    0.365370687344
56.53000    0.361580805326
56.54000    0.357930266939
56.55000    0.353883528145
56.56000    0.349360654303
56.57000    0.344329063749
56.58000    0.338990568314
56.59000    0.333071175689
56.60000    0.325520087079
56.61000    0.316648689537
56.62000    0.306534215574
56.63000    0.295933396045
56.64000    0.285364507362
56.65000    0.274489928752
56.66000    0.262466644384
56.67000    0.248871823821
56.68000    0.234785644003
56.69000    0.220384402605
56.70000    0.204631400487
56.71000    0.187834565237
56.72000    0.171754011385
56.73000    0.156742806300
56.74000    0.142901426018
56.75000    0.130734373792
56.76000    0.120246670472
56.77000    0.111441099188
56.78000    0.104228018515
56.79000    0.097999329140
56.80000    0.092949205887
56.81000    0.088732770061
56.82000    0.085146474210
56.83000    0.081664174191
56.84000    0.077973000549
56.85000    0.074250852059
56.86000    0.070861375128
56.87000    0.067979657158
56.88000    0.065464560726
56.89000    0.063053195185
56.90000    0.060859924897
56.91000    0.058940416035
56.92000    0.057330831219
56.93000    0.056073191608
56.94000    0.054936171891
56.95000    0.053808693319
56.96000    0.052122559948
56.97000    0.049481157548
56.98000    0.045755432251
56.99000    0.041010761735
57.00000    0.035139644753
57.01000    0.028378552428
57.02000    0.021181489932
57.03000    0.013649667893
57.04000    0.005662104006
57.05000    -0.002505434905
57.06000    -0.010924369529
57.07000    -0.019623773062
57.08000    -0.028472158795
57.09000    -0.037018624537
57.10000    -0.045588678358
57.11000    -0.054227236117
57.12000    -0.062669433219
57.13000    -0.071806201730
57.14000    -0.081448704783
57.15000    -0.091410957676
57.16000    -0.101844172897
57.17000    -0.113514139015
57.18000    -0.125718488992
57.19000    -0.137909159106
57.20000    -0.150682733985
57.21000    -0.164911541981
57.22000    -0.178666361657
57.23000    -0.190602249508
57.24000    -0.200627685392
57.25000    -0.209308775533
57.26000    -0.216836461923
57.27000    -0.223749628250
57.28000    -0.230371500485
57.29000    -0.236623984726
57.30000    -0.243120601595
57.31000    -0.249400273530
57.32000    -0.255431226594
57.33000    -0.261020649668
57.34000    -0.266484485395
57.35000    -0.271732441985
57.36000    -0.276891138293
57.37000    -0.282095180151
57.38000    -0.287419177309
57.39000    -0.292734659525
57.40000    -0.298122606583
57.41000    -0.303480152138
57.42000    -0.308732883820
57.43000    -0.313877647036
57.44000    -0.318588790098
57.45000    -0.323083779417
57.46000    -0.326730577253
57.47000    -0.329939871028
57.48000    -0.333443983761
57.49000    -0.337226309580
57.50000    -0.341288034720
57.51000    -0.345583264652
57.52000    -0.349777483923
57.53000    -0.353599328622
57.54000    -0.357140826335
57.55000    -0.360527728109
57.56000    -0.363896706275
57.57000    -0.367169950663
57.58000    -0.370537414875
57.59000    -0.373608925552
57.60000    -0.376164286365
57.61000    -0.378041332982
57.62000    -0.380005841679
57.63000    -0.382004370617
57.64000    -0.383897764357
57.65000    -0.385515203191
57.66000    -0.387132796353
57.67000    -0.389080387881
57.68000    -0.391648644909
57.69000    -0.394335151067
57.70000    -0.397111790821
57.71000    -0.399978386127
57.72000    -0.402855720937
57.73000    -0.405282865068
57.74000    -0.407360386113
57.75000    -0.409031767111
57.76000    -0.410634988125
57.77000    -0.412034035644
57.78000    -0.413439444232
57.79000    -0.415196596915
57.80000    -0.417279162974
57.81000    -0.419607378089
57.82000    -0.421802677065
57.83000    -0.423838487564
57.84000    -0.425889804370
57.85000    -0.428399325068
57.86000    -0.431323407114
57.87000    -0.434189411352
57.88000    -0.436928670534
57.89000    -0.439242468287
57.90000    -0.441382708379
57.91000    -0.443314245997
57.92000    -0.444908583787
57.93000    -0.445968796015
57.94000    -0.446759415747
57.95000    -0.448444709449
57.96000    -0.450273433038
57.97000    -0.452408748725
57.98000    -0.454132830559
57.99000    -0.455018329846
58.00000    -0.454939255367
58.01000    -0.454604145273
58.02000    -0.453648913605
58.03000    -0.452945424789
58.04000    -0.452156980336
58.05000    -0.451478782419
58.06000    -0.451106621308
58.07000    -0.451030165265
58.08000    -0.451290853092
58.09000    -0.451693079731
58.10000    -0.452214344059
58.11000    -0.452810368103
58.12000    -0.453701546133
58.13000    -0.454625449504
58.14000    -0.455493177064
58.15000    -0.456164119490
58.16000    -0.456638645592
58.17000    -0.457072502626
58.18000    -0.457649521804
58.19000    -0.458310589276
58.20000    -0.459366678921
58.21000    -0.460366448077
58.22000    -0.461493915271
58.23000    -0.462522164138
58.24000    -0.463636566787
58.25000    -0.464830182221
58.26000    -0.466061182158
58.27000    -0.467437674930
58.28000    -0.468395317828
58.29000    -0.469323102530
58.30000    -0.470338694407
58.31000    -0.470568381716
58.32000    -0.470123346141
58.33000    -0.469397457287
58.34000    -0.468800711013
58.35000    -0.468267622284
58.36000    -0.467513738059
58.37000    -0.466643140752
58.38000    -0.465813912805
58.39000    -0.465222168072
58.40000    -0.465099693698
58.41000    -0.464895376974
58.42000    -0.464944607548
58.43000    -0.464695586277
58.44000    -0.464564560599
58.45000    -0.464375123205
58.46000    -0.463903737927
58.47000    -0.463296459677
58.48000    -0.462762971358
58.49000    -0.462203362167
58.50000    -0.461509878990
58.51000    -0.460956323706
58.52000    -0.460559465425
58.53000    -0.460256284722
58.54000    -0.459945753554
58.55000    -0.460073230717
58.56000    -0.459857663780
58.57000    -0.459493522680
58.58000    -0.458965561705
58.59000    -0.458126327296
58.60000    -0.456979985250
58.61000    -0.455587191967
58.62000    -0.454222002031
58.63000    -0.452959716771
58.64000    -0.451709250758
58.65000    -0.450543011466
58.66000    -0.449308440529
58.67000    -0.447994636098
58.68000    -0.446587838303
58.69000    -0.444903992351
58.70000    -0.442916766821
58.71000    -0.440704653493
58.72000    -0.437852889665
58.73000    -0.435046185009
58.74000    -0.432328478899
58.75000    -0.430016369609
58.76000    -0.428330839136
58.77000    -0.426909700661
58.78000    -0.425611414574
58.79000    -0.424067235612
58.80000    -0.422366279219
58.81000    -0.420410199512
58.82000    -0.418271069594
58.83000    -0.415937908752
58.84000    -0.413260947839
58.85000    -0.410219092338
58.86000    -0.406845828244
58.87000    -0.403185038923
58.88000    -0.399428263588
58.89000    -0.395683344657
58.90000    -0.392060931332
58.91000    -0.388795970739
58.92000    -0.385748834909
58.93000    -0.382876479035
58.94000    -0.380100131747
58.95000    -0.377199664395
58.96000    -0.374295581519
58.97000    -0.371496892909
58.98000    -0.368609916850
58.99000    -0.365492484723
59.00000    -0.362111206207
59.01000    -0.358748908495
59.02000    -0.355213837533
59.03000    -0.351472393432
59.04000    -0.347487742490
59.05000    -0.343264811275
59.06000    -0.338891519736
59.07000    -0.334316659235
59.08000    -0.329694751932
59.09000    -0.325239441482
59.10000    -0.321049612755
59.11000    -0.317083482488
59.12000    -0.313129927760
59.13000    -0.309242403398
59.14000    -0.305341408329
59.15000    -0.301146234953
59.16000    -0.296829636543
59.17000    -0.292187619187
59.18000    -0.287054287080
59.19000    -0.281831538027
59.20000    -0.276431994434
59.21000    -0.270758470302
59.22000    -0.264889082344
59.23000    -0.258971210390
59.24000    -0.252861673326
59.25000    -0.246824051420
59.26000    -0.240527931980
59.27000    -0.234365110376
59.28000    -0.228253030213
59.29000    -0.222163603146
59.30000    -0.215891874263
59.31000    -0.209550284576
59.32000    -0.202810568547
59.33000    -0.196113889911
59.34000    -0.189170990119
59.35000    -0.182387713525
59.36000    -0.175908017731
59.37000    -0.169510854669
59.38000    -0.163334945519
59.39000    -0.157240598812
59.40000    -0.150965490344
59.41000    -0.144676061903
59.42000    -0.138471103941
59.43000    -0.132321841557
59.44000    -0.125744349683
59.45000    -0.118590190610
59.46000    -0.111595564362
59.47000    -0.104458224684
59.48000    -0.097482562711
59.49000    -0.090061324322
59.50000    -0.082320209920
59.51000    -0.074408134663
59.52000    -0.066606751914
59.53000    -0.058990318289
59.54000    -0.051669634799
59.55000    -0.044524197460
59.56000    -0.037776160741
59.57000    -0.031134880359
59.58000    -0.024575041739
59.59000    -0.018373123313
59.60000    -0.012323832834
59.61000    -0.006376112079
59.62000    -0.000830141874
59.63000    0.004251605818
59.64000    0.009452424379
59.65000    0.014796671842
59.66000    0.020132680742
59.67000    0.025669819785
59.68000    0.031046990577
59.69000    0.035870747436
59.70000    0.040634345077
59.71000    0.045676594821
59.72000    0.050831124166
59.73000    0.056298699435
59.74000    0.061976706031
59.75000    0.067566312783
59.76000    0.072879779406
59.77000    0.077991560545
59.78000    0.083342926184
59.79000    0.088703540170
59.80000    0.094525304771
59.81000    0.100750701406
59.82000    0.106954057287
59.83000    0.113689683505
59.84000    0.120562794729
59.85000    0.127080012686
59.86000    0.133254369516
59.87000    0.139400544024
59.88000    0.145555599111
59.89000    0.151629528401
59.90000    0.157923660129
59.91000    0.164616162098
59.92000    0.171901580108
59.93000    0.179256682568
59.94000    0.186680384435
59.95000    0.194006512279
59.96000    0.201225236521
59.97000    0.208191243123
59.98000    0.215315819775
59.99000    0.222619752516
60.00000    0.229861233915
60.01000    0.236761277737
60.02000    0.243573656769
60.03000    0.250045364472
60.04000    0.256580658080
60.05000    0.263483999415
60.06000    0.270235589964
60.07000    0.277139560327
60.08000    0.284390274435
60.09000    0.292194250487
60.10000    0.300081463557
60.11000    0.307771526797
60.12000    0.315320020281
60.13000    0.322676861230
60.14000    0.329966199577
60.15000    0.337026169069
60.16000    0.344270203556
60.17000    0.351206532261
60.18000    0.357563000623
60.19000    0.364113348144
60.20000    0.370359731851
60.21000    0.376495655820
60.22000    0.382334454349
60.23000    0.388026131347
60.24000    0.394055912634
60.25000    0.399885772663
60.26000    0.405723790083
60.27000    0.411862019400
60.28000    0.417792256295
60.29000    0.423369038861
60.30000    0.428712192387
60.31000    0.433042666309
60.32000    0.437649310042
60.33000    0.441750598827
60.34000    0.446360456007
60.35000    0.450965893243
60.36000    0.455225461720
60.37000    0.459541442763
60.38000    0.463529749798
60.39000    0.466719695904
60.40000    0.469529208440
60.41000    0.472170864601
60.42000    0.475086640259
60.43000    0.478261050186
60.44000    0.481823563630
60.45000    0.485820075430
60.46000    0.489921842984
60.47000    0.494221845094
60.48000    0.498172233558
60.49000    0.502494854817
60.50000    0.506705202800
60.51000    0.510639822485
60.52000    0.515077522618
60.53000    0.519268824862
60.54000    0.522704708501
60.55000    0.525544540535
60.56000    0.528047904661
60.57000    0.529863609214
60.58000    0.531079367070
60.59000    0.532052990928
60.60000    0.532555774009
60.61000    0.532762992776
60.62000    0.533214549936
60.63000    0.533943120892
60.64000    0.534767006436
60.65000    0.535668642267
60.66000    0.537018780356
60.67000    0.538933193574
60.68000    0.541302950879
60.69000    0.544065176971
60.70000    0.546959259730
60.71000    0.549931799637
60.72000    0.552583841371
60.73000    0.554940795724
60.74000    0.556996388982
60.75000    0.558566017538
60.76000    0.559971143064
60.77000    0.561125313551
60.78000    0.562157807644
60.79000    0.563352615610
60.80000    0.564582787170
60.81000    0.566081630825
60.82000    0.567792578898
60.83000    0.569659480183
60.84000    0.571815590136
60.85000    0.573946710704
60.86000    0.576009626335
60.87000    0.578424852369
60.88000    0.580997760077
60.89000    0.583467229748
60.90000    0.586019939214
60.91000    0.588263074151
60.92000    0.590148913904
60.93000    0.591931226627
60.94000    0.593796540668
60.95000    0.595971307035
60.96000    0.598245923805
60.97000    0.600401783790
60.98000    0.602130968105
60.99000    0.603882329376
61.00000    0.605500592667
61.01000    0.607120303691
61.02000    0.608882112837
61.03000    0.610909931629
61.04000    0.612934336750
61.05000    0.615013664007
61.06000    0.617249636845
61.07000    0.619352009107
61.08000    0.621131992606
61.09000    0.622745304605
61.10000    0.624325807950
61.11000    0.625454204731
61.12000    0.626755120178
61.13000    0.628640685342
61.14000    0.630950277183
61.15000    0.633353504144
61.16000    0.635694750672
61.17000    0.637818262995
61.18000    0.640009081471
61.19000    0.642107494699
61.20000    0.643604155286
61.21000    0.644749840903
61.22000    0.645462530462
61.23000    0.645660423617
61.24000    0.645541476992
61.25000    0.645120470293
61.26000    0.644532550160
61.27000    0.644031495252
61.28000    0.643731032852
61.29000    0.643610285942
61.30000    0.643808054712
61.31000    0.644430072188
61.32000    0.645212863090
61.33000    0.646163172905
61.34000    0.647102859000
61.35000    0.647652597489
61.36000    0.647319353204
61.37000    0.646458484079
61.38000    0.645319661275
61.39000    0.643860187379
61.40000    0.642891910262
61.41000    0.641998908338
61.42000    0.640721331459
61.43000    0.639310212061
61.44000    0.637364895834
61.45000    0.634814600548
61.46000    0.631347957092
61.47000    0.627034213804
61.48000    0.622075861809
61.49000    0.616649193424
61.50000    0.611581684710
61.51000    0.606367027237
61.52000    0.600869792812
61.53000    0.596052631338
61.54000    0.592159587113
61.55000    0.589196723672
61.56000    0.587315285802
61.57000    0.585948865289
61.58000    0.584893412791
61.59000    0.584030247123
61.60000    0.583187135049
61.61000    0.582072869961
61.62000    0.580702898577
61.63000    0.579053712204
61.64000    0.577540949623
61.65000    0.575950221877
61.66000    0.574191690798
61.67000    0.572201520295
61.68000    0.569879654278
61.69000    0.567353082801
61.70000    0.564750525758
61.71000    0.562185437895
61.72000    0.559980628011
61.73000    0.557725070709
61.74000    0.555114074351
61.75000    0.552234482858
61.76000    0.549103170108
61.77000    0.545727174423
61.78000    0.541950850242
61.79000    0.538174138234
61.80000    0.534387244087
61.81000    0.530891233917
61.82000    0.528377655170
61.83000    0.526832260717
61.84000    0.525458758070
61.85000    0.523748027320
61.86000    0.521867833094
61.87000    0.520023835064
61.88000    0.517907485678
61.89000    0.515183305511
61.90000    0.511936143249
61.91000    0.508310415837
61.92000    0.505071414000
61.93000    0.502066196627
61.94000    0.499519211001
61.95000    0.497869601765
61.96000    0.496801804233
61.97000    0.495720714372
61.98000    0.494423892674
61.99000    0.493010426648
62.00000    0.491263039935
62.01000    0.489067612918
62.02000    0.486556160689
62.03000    0.483640746700
62.04000    0.480333903027
62.05000    0.476598764498
62.06000    0.472549046752
62.07000    0.467882390606
62.08000    0.462722664771
62.09000    0.457453334838
62.10000    0.452044083101
62.11000    0.446713503459
62.12000    0.441356024359
62.13000    0.436249033325
62.14000    0.431224422008
62.15000    0.426135473799
62.16000    0.420551282889
62.17000    0.414205766574
62.18000    0.407268716927
62.19000    0.399850858774
62.20000    0.392212391924
62.21000    0.384430394692
62.22000    0.376535877848
62.23000    0.368217816495
62.24000    0.358987917345
62.25000    0.349041926026
62.26000    0.338667499329
62.27000    0.328610162949
62.28000    0.319574671629
62.29000    0.311302471017
62.30000    0.303693973018
62.31000    0.296117084310
62.32000    0.288285201459
62.33000    0.280545426789
62.34000    0.273413350730
62.35000    0.267107265598
62.36000    0.262027779044
62.37000    0.257675422028
62.38000    0.253433479183
62.39000    0.248541881447
62.40000    0.243127692720
62.41000    0.237317625471
62.42000    0.231148506355
62.43000    0.224412268824
62.44000    0.216818285701
62.45000    0.208648286630
62.46000    0.200481483617
62.47000    0.192149483467
62.48000    0.183611160788
62.49000    0.175001094279
62.50000    0.167141535339
62.51000    0.160441589066
62.52000    0.154557510226
62.53000    0.149576679831
62.54000    0.145039096575
62.55000    0.141030944073
62.56000    0.136906917243
62.57000    0.132770810811
62.58000    0.128786930741
62.59000    0.125212600989
62.60000    0.121886560037
62.61000    0.118350138618
62.62000    0.114045879691
62.63000    0.108678114443
62.64000    0.102946658745
62.65000    0.096904590938
62.66000    0.090481475688
62.67000    0.083958367092
62.68000    0.076578273984
62.69000    0.068694299952
62.70000    0.060470595038
62.71000    0.052012490131
62.72000    0.043465323279
62.73000    0.034887749743
62.74000    0.026021050855
62.75000    0.017190623480
62.76000    0.008216232131
62.77000    -0.000887312674
62.78000    -0.010553747944
62.79000    -0.021610936073
62.80000    -0.034500121697
62.81000    -0.048528271786
62.82000    -0.062711458490
62.83000    -0.075874847183
62.84000    -0.087399235643
62.85000    -0.096942923606
62.86000    -0.104689338653
62.87000    -0.111175944096
62.88000    -0.116496070730
62.89000    -0.120447971052
62.90000    -0.123095187711
62.91000    -0.124248764033
62.92000    -0.124704291934
62.93000    -0.124562904966
62.94000    -0.124137467327
62.95000    -0.123660604930
62.96000    -0.123311672145
62.97000    -0.122848219036
62.98000    -0.122352206449
62.99000    -0.122336448212
63.00000    -0.122144938205
63.01000    -0.120221917491
63.02000    -0.117407843051
63.03000    -0.114233816853
63.04000    -0.110862700590
63.05000    -0.107991765418
63.06000    -0.105605234550
63.07000    -0.103333786524
63.08000    -0.101413066397
63.09000    -0.099700306039
63.10000    -0.098363497275
63.11000    -0.097171467166
63.12000    -0.095984481347
63.13000    -0.094466934010
63.14000    -0.092684409374
63.15000    -0.090826177607
63.16000    -0.088988650565
63.17000    -0.087295555125
63.18000    -0.085892522634
63.19000    -0.084609383054
63.20000    -0.083601514056
63.21000    -0.083012925488
63.22000    -0.082963046494
63.23000    -0.083293536730
63.24000    -0.084077083847
63.25000    -0.085070424788
63.26000    -0.085898644613
63.27000    -0.086216489862
63.28000    -0.085955186951
63.29000    -0.085312560733
63.30000    -0.084341466751
63.31000    -0.083010234513
63.32000    -0.081572313328
63.33000    -0.080011579963
63.34000    -0.078605339054
63.35000    -0.077447133664
63.36000    -0.076425218410
63.37000    -0.075640948326
63.38000    -0.074936622070
63.39000    -0.074168972487
63.40000    -0.073461352037
63.41000    -0.072990858358
63.42000    -0.072785843824
63.43000    -0.073141668896
63.44000    -0.073792240078
63.45000    -0.074461889756
63.46000    -0.074991322167
63.47000    -0.075349301421
63.48000    -0.075349722286
63.49000    -0.075308125612
63.50000    -0.075171487406
63.51000    -0.074930615588
63.52000    -0.074516168493
63.53000    -0.073912153720
63.54000    -0.073215928593
63.55000    -0.072244632954
63.56000    -0.071111454897
63.57000    -0.069928323727
63.58000    -0.068676057248
63.59000    -0.067322677782
63.60000    -0.066176012398
63.61000    -0.065310340116
63.62000    -0.064747053540
63.63000    -0.064726281556
63.64000    -0.064982381590
63.65000    -0.065491134832
63.66000    -0.066082665454
63.67000    -0.066819700502
63.68000    -0.067667678987
63.69000    -0.068358206751
63.70000    -0.068959813765
63.71000    -0.069334899942
63.72000    -0.069421019040
63.73000    -0.069234225546
63.74000    -0.069053382505
63.75000    -0.068796284335
63.76000    -0.068647975488
63.77000    -0.068549291635
63.78000    -0.068372373264
63.79000    -0.067862751102
63.80000    -0.067426191535
63.81000    -0.066788650656
63.82000    -0.066131748398
63.83000    -0.065410540870
63.84000    -0.065134395295
63.85000    -0.065075327365
63.86000    -0.065322703995
63.87000    -0.065628469278
63.88000    -0.065869496994
63.89000    -0.066070137187
63.90000    -0.066223493235
63.91000    -0.066431787965
63.92000    -0.066432653427
63.93000    -0.066560642940
63.94000    -0.066440070846
63.95000    -0.066319352641
63.96000    -0.065898595253
63.97000    -0.065383139871
63.98000    -0.064758558265
63.99000    -0.063974068004
64.00000    -0.063135675284
64.01000    -0.062231004111
64.02000    -0.061393392551
64.03000    -0.060554980252
64.04000    -0.059727290317
64.05000    -0.058928390755
64.06000    -0.058244969375
64.07000    -0.057595226083
