0.00000    0.000000000000
0.01000    -0.000593060146
0.02000    -0.001549899380
0.03000    -0.000860815162
0.04000    0.000053505952
0.05000    0.000396480832
0.06000    0.000280316139
0.07000    -0.000106148946
0.08000    -0.000715219944
0.09000    -0.001654020353
0.10000    -0.002614375225
0.11000    -0.003567497403
0.12000    -0.004384509095
0.13000    -0.004958145741
0.14000    -0.005320066097
0.15000    -0.005567935776
0.16000    -0.005518547411
0.17000    -0.005376456048
0.18000    -0.004969026471
0.19000    -0.004485799235
0.20000    -0.004291481488
0.21000    -0.003917225890
0.22000    -0.003719038783
0.23000    -0.003688625939
0.24000    -0.003680545987
0.25000    -0.003686825909
0.26000    -0.003786846562
0.27000    -0.003846355792
0.28000    -0.003903757858
0.29000    -0.004045856996
0.30000    -0.004202527270
0.31000    -0.004410067317
0.32000    -0.004806836946
0.33000    -0.005281205830
0.34000    -0.005769735250
0.35000    -0.006299088622
0.36000    -0.006907823122
0.37000    -0.007494493664
0.38000    -0.008047360978
0.39000    -0.008528680527
0.40000    -0.008903643293
0.41000    -0.009159183365
0.42000    -0.009338171087
0.43000    -0.009426717161
0.44000    -0.009463040112
0.45000    -0.009601825406
0.46000    -0.009929552165
0.47000    -0.010276969460
0.48000    -0.010638455928
0.49000    -0.010852119338
0.50000    -0.011120567600
0.51000    -0.011444710914
0.52000    -0.011767338354
0.53000    -0.012076778814
0.54000    -0.012467440250
0.55000    -0.012987996556
0.56000    -0.013675999406
0.57000    -0.014358961339
0.58000    -0.014959656375
0.59000    -0.015498036448
0.60000    -0.015945548982
0.61000    -0.016249222732
0.62000    -0.016527221944
0.63000    -0.016661836380
0.64000    -0.016721772843
0.65000    -0.016561228710
0.66000    -0.016241833885
0.67000    -0.015996270901
0.68000    -0.015792937878
0.69000    -0.015670408232
0.70000    -0.015655504590
0.71000    -0.015726434841
0.72000    -0.015686619793
0.73000    -0.015661954695
0.74000    -0.015618945568
0.75000    -0.015512417458
0.76000    -0.015442802360
0.77000    -0.015379608917
0.78000    -0.015195434821
0.79000    -0.015067800825
0.80000    -0.014902418050
0.81000    -0.014915091751
0.82000    -0.014968663609
0.83000    -0.015081057708
0.84000    -0.015077369251
0.85000    -0.015096391087
0.86000    -0.014920639157
0.87000    -0.014710127958
0.88000    -0.014327392769
0.89000    -0.013939585286
0.90000    -0.013198219291
0.91000    -0.012355214707
0.92000    -0.011279183057
0.93000    -0.010178247652
0.94000    -0.009031001971
0.95000    -0.007819861465
0.96000    -0.006893796460
0.97000    -0.006298391045
0.98000    -0.006026860225
0.99000    -0.005959484256
1.00000    -0.006075378171
1.01000    -0.006257117158
1.02000    -0.006515392449
1.03000    -0.006585334939
1.04000    -0.006669380613
1.05000    -0.006441570440
1.06000    -0.006244209313
1.07000    -0.005792805959
1.08000    -0.005213528230
1.09000    -0.004700675674
1.10000    -0.004286819440
1.11000    -0.003917553611
1.12000    -0.003612066651
1.13000    -0.003430465373
1.14000    -0.003222337519
1.15000    -0.003175780754
1.16000    -0.003247637523
1.17000    -0.003431432496
1.18000    -0.003728851486
1.19000    -0.004116515946
1.20000    -0.004504564567
1.21000    -0.004928822755
1.22000    -0.005350514359
1.23000    -0.005718641169
1.24000    -0.006050074358
1.25000    -0.006279863048
1.26000    -0.006490104485
1.27000    -0.006667115683
1.28000    -0.006820208231
1.29000    -0.007268288047
1.30000    -0.007863612288
1.31000    -0.008763108782
1.32000    -0.009841405140
1.33000    -0.011011895182
1.34000    -0.012296054381
1.35000    -0.013584586512
1.36000    -0.014874195009
1.37000    -0.016138939218
1.38000    -0.017660185058
1.39000    -0.019299172346
1.40000    -0.021091663046
1.41000    -0.022916797049
1.42000    -0.024707804130
1.43000    -0.026369129110
1.44000    -0.028048501075
1.45000    -0.029623304165
1.46000    -0.031082868014
1.47000    -0.032627783294
1.48000    -0.033915492011
1.49000    -0.035379511533
1.50000    -0.036530297953
1.51000    -0.038045752318
1.52000    -0.039771995190
1.53000    -0.041912104583
1.54000    -0.045111468495
1.55000    -0.049957090317
1.56000    -0.056552428140
1.57000    -0.064095259839
1.58000    -0.072139115695
1.59000    -0.080106582284
1.60000    -0.087574204739
1.61000    -0.094352789593
1.62000    -0.100391333737
1.63000    -0.105992344973
1.64000    -0.110964929556
1.65000    -0.115227287892
1.66000    -0.118553001971
1.67000    -0.121160142019
1.68000    -0.123204355918
1.69000    -0.124638024432
1.70000    -0.125502041978
1.71000    -0.126218390901
1.72000    -0.127183261385
1.73000    -0.128438909803
1.74000    -0.129756566490
1.75000    -0.130916868709
1.76000    -0.131970663789
1.77000    -0.132919744746
1.78000    -0.133896401333
1.79000    -0.135039137207
1.80000    -0.136847943211
1.81000    -0.139375068852
1.82000    -0.142738586147
1.83000    -0.146886786995
1.84000    -0.151353930348
1.85000    -0.156079823564
1.86000    -0.161080400950
1.87000    -0.166241233939
1.88000    -0.171696886937
1.89000    -0.177299983732
1.90000    -0.183184751757
1.91000    -0.190507123380
1.92000    -0.198980281427
1.93000    -0.208804441393
1.94000    -0.218639081711
1.95000    -0.227598197939
1.96000    -0.234959526333
1.97000    -0.241442141146
1.98000    -0.247728519282
1.99000    -0.253749821265
2.00000    -0.259121315480
2.01000    -0.263772313724
2.02000    -0.267689044482
2.03000    -0.271158006821
2.04000    -0.274414176262
2.05000    -0.277896652471
2.06000    -0.281751812640
2.07000    -0.285988187651
2.08000    -0.290372897011
2.09000    -0.294576562529
2.10000    -0.298532052646
2.11000    -0.302411672635
2.12000    -0.306382402051
2.13000    -0.310527250545
2.14000    -0.314862821383
2.15000    -0.319634088509
2.16000    -0.324606270324
2.17000    -0.329568490068
2.18000    -0.333904613861
2.19000    -0.337826802128
2.20000    -0.341301014635
2.21000    -0.344241658515
2.22000    -0.346757470088
2.23000    -0.349240056061
2.24000    -0.351389468148
2.25000    -0.353344651808
2.26000    -0.354964838931
2.27000    -0.356177043795
2.28000    -0.357130836594
2.29000    -0.357929528396
2.30000    -0.358866784948
2.31000    -0.359831758431
2.32000    -0.361353608729
2.33000    -0.363178952535
2.34000    -0.365136225625
2.35000    -0.367191261309
2.36000    -0.369308517417
2.37000    -0.371483473066
2.38000    -0.373907930093
2.39000    -0.376472892996
2.40000    -0.379602311529
2.41000    -0.383594087555
2.42000    -0.387994083149
2.43000    -0.391950514153
2.44000    -0.395286072967
2.45000    -0.397997405307
2.46000    -0.400232090868
2.47000    -0.402215064627
2.48000    -0.404109694801
2.49000    -0.405578540972
2.50000    -0.406461620769
2.51000    -0.407130492292
2.52000    -0.407702629739
2.53000    -0.408186971160
2.54000    -0.408890310494
2.55000    -0.409911380985
2.56000    -0.411308340878
2.57000    -0.412515068140
2.58000    -0.413290604037
2.59000    -0.413487138855
2.60000    -0.413566091670
2.61000    -0.413681551041
2.62000    -0.413925041244
2.63000    -0.414368620658
2.64000    -0.414930943678
2.65000    -0.415516868910
2.66000    -0.416136545624
2.67000    -0.416658538920
2.68000    -0.417408739543
2.69000    -0.418412009774
2.70000    -0.419428759853
2.71000    -0.420408804583
2.72000    -0.421182007647
2.73000    -0.421989274976
2.74000    -0.422726234709
2.75000    -0.423406274230
2.76000    -0.423991344580
2.77000    -0.424545408708
2.78000    -0.425229911884
2.79000    -0.425981172916
2.80000    -0.427075260254
2.81000    -0.428542497837
2.82000    -0.430558201602
2.83000    -0.432668535462
2.84000    -0.434644790174
2.85000    -0.436749414337
2.86000    -0.438724400323
2.87000    -0.440701416335
2.88000    -0.442340916823
2.89000    -0.444003518874
2.90000    -0.445621941471
2.91000    -0.446951257204
2.92000    -0.448589079299
2.93000    -0.450023801798
2.94000    -0.451256708664
2.95000    -0.452395653525
2.96000    -0.453274616227
2.97000    -0.453897738098
2.98000    -0.454564354156
2.99000    -0.454736233091
3.00000    -0.455032124318
3.01000    -0.455186496118
3.02000    -0.455360783044
3.03000    -0.455469421473
3.04000    -0.455589646397
3.05000    -0.455841651985
3.06000    -0.456027142302
3.07000    -0.456212341241
3.08000    -0.456412212776
3.09000    -0.456760129576
3.10000    -0.457063551841
3.11000    -0.457037958557
3.12000    -0.456676973177
3.13000    -0.455729472023
3.14000    -0.454344172396
3.15000    -0.452569781323
3.16000    -0.450715732712
3.17000    -0.449003407560
3.18000    -0.447409136232
3.19000    -0.446104078264
3.20000    -0.444934083218
3.21000    -0.444689291842
3.22000    -0.445187901695
3.23000    -0.446213230511
3.24000    -0.447033381225
3.25000    -0.447261758717
3.26000    -0.446990509530
3.27000    -0.446514843650
3.28000    -0.445821344388
3.29000    -0.444929438513
3.30000    -0.443836730870
3.31000    -0.442410762204
3.32000    -0.440798050281
3.33000    -0.438684450322
3.34000    -0.436523021195
3.35000    -0.434096888405
3.36000    -0.431662742551
3.37000    -0.429597502758
3.38000    -0.427695832911
3.39000    -0.426023066560
3.40000    -0.424829102295
3.41000    -0.423774513027
3.42000    -0.422696616370
3.43000    -0.421225344751
3.44000    -0.419486066446
3.45000    -0.417308491931
3.46000    -0.414767783692
3.47000    -0.412011918395
3.48000    -0.408789239408
3.49000    -0.405637900361
3.50000    -0.402364457463
3.51000    -0.399210882302
3.52000    -0.396404235491
3.53000    -0.393463586546
3.54000    -0.390383001000
3.55000    -0.387123642762
3.56000    -0.383826613219
3.57000    -0.380239134934
3.58000    -0.376365837293
3.59000    -0.371999463983
3.60000    -0.367358145322
3.61000    -0.362649976668
3.62000    -0.358197148214
3.63000    -0.353988032955
3.64000    -0.350116931162
3.65000    -0.346651542385
3.66000    -0.343580127440
3.67000    -0.340700872090
3.68000    -0.337983326850
3.69000    -0.335423965435
3.70000    -0.332688616692
3.71000    -0.330061481118
3.72000    -0.327525917520
3.73000    -0.325263006859
3.74000    -0.323052204329
3.75000    -0.320891186250
3.76000    -0.318662123777
3.77000    -0.316374222617
3.78000    -0.314031460367
3.79000    -0.311919882044
3.80000    -0.309686384543
3.81000    -0.307311588391
3.82000    -0.304610505740
3.83000    -0.301414712460
3.84000    -0.297914906869
3.85000    -0.294073587469
3.86000    -0.290103351892
3.87000    -0.285881929515
3.88000    -0.281634472505
3.89000    -0.277274491857
3.90000    -0.273104652908
3.91000    -0.268965862221
3.92000    -0.265165370718
3.93000    -0.261438742314
3.94000    -0.257653469207
3.95000    -0.254022678700
3.96000    -0.250750641621
3.97000    -0.248051535786
3.98000    -0.245580662494
3.99000    -0.243009226559
4.00000    -0.240225244334
4.01000    -0.236940580786
4.02000    -0.233491190722
4.03000    -0.229714313708
4.04000    -0.226099583142
4.05000    -0.222091004393
4.06000    -0.217975724206
4.07000    -0.213911475568
4.08000    -0.209924558315
4.09000    -0.206367732941
4.10000    -0.203345074816
4.11000    -0.200737835786
4.12000    -0.198439722494
4.13000    -0.196294581385
4.14000    -0.194066529950
4.15000    -0.191693435309
4.16000    -0.189076150224
4.17000    -0.186207494018
4.18000    -0.183007722834
4.19000    -0.179763448678
4.20000    -0.176508968768
4.21000    -0.173249887466
4.22000    -0.169960762262
4.23000    -0.166728462954
4.24000    -0.163413302735
4.25000    -0.160115414923
4.26000    -0.156851944923
4.27000    -0.153550544109
4.28000    -0.150247998464
4.29000    -0.146828013924
4.30000    -0.143331163736
4.31000    -0.139798514216
4.32000    -0.136388120347
4.33000    -0.132820753947
4.34000    -0.129204466528
4.35000    -0.125101544313
4.36000    -0.120864773257
4.37000    -0.116440131378
4.38000    -0.112048283727
4.39000    -0.107657065919
4.40000    -0.103157739383
4.41000    -0.098525796635
4.42000    -0.093996109216
4.43000    -0.089534943730
4.44000    -0.085312543001
4.45000    -0.081275422001
4.46000    -0.077368706792
4.47000    -0.073495008280
4.48000    -0.069953081498
4.49000    -0.066566506262
4.50000    -0.063116763972
4.51000    -0.059670396166
4.52000    -0.056462995052
4.53000    -0.053178330695
4.54000    -0.049865750899
4.55000    -0.046203371575
4.56000    -0.042662593852
4.57000    -0.039110875816
4.58000    -0.035689388070
4.59000    -0.032510882313
4.60000    -0.029701982128
4.61000    -0.027174492120
4.62000    -0.024977848816
4.63000    -0.022869316298
4.64000    -0.020839993468
4.65000    -0.019124050958
4.66000    -0.017973374903
4.67000    -0.017419594066
4.68000    -0.017308738671
4.69000    -0.017589483128
4.70000    -0.018328455885
4.71000    -0.019467726706
4.72000    -0.020665569059
4.73000    -0.021858993865
4.74000    -0.022775361313
4.75000    -0.023422687203
4.76000    -0.023884985452
4.77000    -0.024041897405
4.78000    -0.024180014327
4.79000    -0.024330194971
4.80000    -0.024485861995
4.81000    -0.024677760493
4.82000    -0.024866034159
4.83000    -0.025026289905
4.84000    -0.025167207453
4.85000    -0.025438017172
4.86000    -0.025566831685
4.87000    -0.025763651853
4.88000    -0.025712509312
4.89000    -0.025554042304
4.90000    -0.025221778230
4.91000    -0.024810609876
4.92000    -0.024726932462
4.93000    -0.024982585021
4.94000    -0.025687606214
4.95000    -0.026642910984
4.96000    -0.027810008064
4.97000    -0.029135757953
4.98000    -0.030562397287
4.99000    -0.032086108846
5.00000    -0.033722779362
5.01000    -0.036002811880
5.02000    -0.038840267880
5.03000    -0.042633454604
5.04000    -0.046652360393
5.05000    -0.050952179505
5.06000    -0.055423416510
5.07000    -0.060022387139
5.08000    -0.064511671782
5.09000    -0.068838395186
5.10000    -0.073123188327
5.11000    -0.077114440788
5.12000    -0.080551696414
5.13000    -0.083593665190
5.14000    -0.086384293356
5.15000    -0.088842586437
5.16000    -0.091136161355
5.17000    -0.093336973492
5.18000    -0.095451923014
5.19000    -0.097525883012
5.20000    -0.099510388360
5.21000    -0.101450518197
5.22000    -0.103462885630
5.23000    -0.105539521308
5.24000    -0.107807165911
5.25000    -0.110203812463
5.26000    -0.112834393280
5.27000    -0.115524107016
5.28000    -0.118210355216
5.29000    -0.120917601787
5.30000    -0.123678176533
5.31000    -0.126447222378
5.32000    -0.129001986993
5.33000    -0.131470642505
5.34000    -0.133776716542
5.35000    -0.135863389395
5.36000    -0.137957481021
5.37000    -0.140097013136
5.38000    -0.142654104976
5.39000    -0.145880092521
5.40000    -0.149994664121
5.41000    -0.155057619400
5.42000    -0.161263685879
5.43000    -0.168562546457
5.44000    -0.176752723488
5.45000    -0.185525388868
5.46000    -0.194123708682
5.47000    -0.202527989354
5.48000    -0.210588081741
5.49000    -0.218202368580
5.50000    -0.224868888069
5.51000    -0.230514374104
5.52000    -0.234957730722
5.53000    -0.238464098007
5.54000    -0.241235545948
5.55000    -0.243423452996
5.56000    -0.245701972200
5.57000    -0.248289319418
5.58000    -0.251545005484
5.59000    -0.255386444460
5.60000    -0.259826533032
5.61000    -0.264882739498
5.62000    -0.270427126012
5.63000    -0.276314787788
5.64000    -0.282685383023
5.65000    -0.289357704144
5.66000    -0.296001103458
5.67000    -0.302553087254
5.68000    -0.309012833532
5.69000    -0.315286424457
5.70000    -0.321087881954
5.71000    -0.326158929125
5.72000    -0.330396989136
5.73000    -0.333843118458
5.74000    -0.336771571367
5.75000    -0.339205278869
5.76000    -0.341221119083
5.77000    -0.343004088562
5.78000    -0.344623088831
5.79000    -0.346096544713
5.80000    -0.347859515175
5.81000    -0.350111229950
5.82000    -0.353064372452
5.83000    -0.356719036634
5.84000    -0.360712933455
5.85000    -0.364965559857
5.86000    -0.369401135049
5.87000    -0.374288412025
5.88000    -0.379461755861
5.89000    -0.384498247387
5.90000    -0.389045302662
5.91000    -0.392843877522
5.92000    -0.396280775498
5.93000    -0.399244795573
5.94000    -0.401813424662
5.95000    -0.404021685121
5.96000    -0.405602312754
5.97000    -0.406609451697
5.98000    -0.407202534898
5.99000    -0.407581331103
6.00000    -0.408223884610
6.01000    -0.409149862405
6.02000    -0.410300767914
6.03000    -0.411796449180
6.04000    -0.413457866577
6.05000    -0.414702200782
6.06000    -0.415436412106
6.07000    -0.416118390595
6.08000    -0.417399986891
6.09000    -0.419387677473
6.10000    -0.422481648484
6.11000    -0.425534677198
6.12000    -0.427866372276
6.13000    -0.429277889286
6.14000    -0.430057747854
6.15000    -0.430558714203
6.16000    -0.430916026409
6.17000    -0.431016184576
6.18000    -0.430994344075
6.19000    -0.430896947788
6.20000    -0.431462774935
6.21000    -0.432549521624
6.22000    -0.434085398191
6.23000    -0.435532734837
6.24000    -0.436872765965
6.25000    -0.437893395908
6.26000    -0.438718131334
6.27000    -0.439235939645
6.28000    -0.439810087418
6.29000    -0.440493049017
6.30000    -0.441031277777
6.31000    -0.441746264490
6.32000    -0.442073599604
6.33000    -0.441803941141
6.34000    -0.441821997715
6.35000    -0.442196301436
6.36000    -0.442853270917
6.37000    -0.443733130856
6.38000    -0.444512275129
6.39000    -0.445133448501
6.40000    -0.445721896363
6.41000    -0.446614364692
6.42000    -0.448007801639
6.43000    -0.449870891509
6.44000    -0.451881590227
6.45000    -0.453632570780
6.46000    -0.454734905181
6.47000    -0.454949121057
6.48000    -0.454684277820
6.49000    -0.455026163989
6.50000    -0.456098164611
6.51000    -0.456805720142
6.52000    -0.457254225465
6.53000    -0.457135003586
6.54000    -0.456252492194
6.55000    -0.455374455325
6.56000    -0.454715712684
6.57000    -0.454365089261
6.58000    -0.454176958414
6.59000    -0.454051151049
6.60000    -0.454113576286
6.61000    -0.454153821738
6.62000    -0.454702585094
6.63000    -0.455589735307
6.64000    -0.456792963721
6.65000    -0.457657964666
6.66000    -0.458065455385
6.67000    -0.457891756125
6.68000    -0.457489039465
6.69000    -0.457565748265
6.70000    -0.458087180399
6.71000    -0.458861401984
6.72000    -0.459728365637
6.73000    -0.460142616663
6.74000    -0.460425716105
6.75000    -0.460230656393
6.76000    -0.460259094740
6.77000    -0.460323425962
6.78000    -0.460439247710
6.79000    -0.460929999001
6.80000    -0.461616422082
6.81000    -0.462515169807
6.82000    -0.463492251614
6.83000    -0.464437998002
6.84000    -0.464930845087
6.85000    -0.465167278170
6.86000    -0.464972659749
6.87000    -0.464424630517
6.88000    -0.463377064480
6.89000    -0.462164102206
6.90000    -0.460751708557
6.91000    -0.459108412880
6.92000    -0.457482406530
6.93000    -0.456020816140
6.94000    -0.454662764579
6.95000    -0.453595886128
6.96000    -0.452625627079
6.97000    -0.451566766133
6.98000    -0.450753131382
6.99000    -0.449990619320
7.00000    -0.448649018264
7.01000    -0.445670292772
7.02000    -0.441352769901
7.03000    -0.437824867233
7.04000    -0.434752090047
7.05000    -0.431824205660
7.06000    -0.428230449910
7.07000    -0.423618480954
7.08000    -0.418783089000
7.09000    -0.414229603269
7.10000    -0.410319443614
7.11000    -0.406737299680
7.12000    -0.403156743665
7.13000    -0.399893339870
7.14000    -0.396740829879
7.15000    -0.394033459035
7.16000    -0.391689050910
7.17000    -0.389224202204
7.18000    -0.386533328404
7.19000    -0.383712817616
7.20000    -0.380841314105
7.21000    -0.377871059306
7.22000    -0.374272410041
7.23000    -0.370485950079
7.24000    -0.366724040993
7.25000    -0.362914674054
7.26000    -0.358927155297
7.27000    -0.355013438436
7.28000    -0.351140966279
7.29000    -0.347336054639
7.30000    -0.343549581756
7.31000    -0.339881982661
7.32000    -0.336243169550
7.33000    -0.332327336147
7.34000    -0.328637032796
7.35000    -0.325095430504
7.36000    -0.321475430043
7.37000    -0.317418880368
7.38000    -0.313298349985
7.39000    -0.309200534028
7.40000    -0.305066899917
7.41000    -0.300668566680
7.42000    -0.296023804665
7.43000    -0.291290618464
7.44000    -0.286429175753
7.45000    -0.281568424438
7.46000    -0.276559615171
7.47000    -0.271568667559
7.48000    -0.266774796620
7.49000    -0.261916704931
7.50000    -0.257163735432
7.51000    -0.252610545812
7.52000    -0.248290278643
7.53000    -0.243824198287
7.54000    -0.239773921266
7.55000    -0.236146063791
7.56000    -0.232713204435
7.57000    -0.229308932618
7.58000    -0.225769058825
7.59000    -0.222457642128
7.60000    -0.219356621888
7.61000    -0.216349809398
7.62000    -0.213329239113
7.63000    -0.210333855694
7.64000    -0.207071138200
7.65000    -0.203424855340
7.66000    -0.199369757437
7.67000    -0.194698374846
7.68000    -0.189855341648
7.69000    -0.185073939566
7.70000    -0.180591550894
7.71000    -0.176411698759
7.72000    -0.172314065028
7.73000    -0.168309917698
7.74000    -0.164163740546
7.75000    -0.159744149871
7.76000    -0.155408556266
7.77000    -0.150988425399
7.78000    -0.146515398626
7.79000    -0.141777123888
7.80000    -0.136926717814
7.81000    -0.131966974529
7.82000    -0.126631629455
7.83000    -0.121121366097
7.84000    -0.115666109453
7.85000    -0.110274791040
7.86000    -0.104298478949
7.87000    -0.098074179288
7.88000    -0.091941253363
7.89000    -0.085894254958
7.90000    -0.079781847884
7.91000    -0.073965101670
7.92000    -0.068536386439
7.93000    -0.063620795129
7.94000    -0.059231265000
7.95000    -0.055004104062
7.96000    -0.051067205809
7.97000    -0.047089829359
7.98000    -0.043705474703
7.99000    -0.040410695073
8.00000    -0.036998369321
8.01000    -0.033872986504
8.02000    -0.030935518617
8.03000    -0.027973598711
8.04000    -0.025000059382
8.05000    -0.022285567740
8.06000    -0.019444691482
8.07000    -0.016531206627
8.08000    -0.013772607028
8.09000    -0.010931704911
8.10000    -0.008164510615
8.11000    -0.005739130952
8.12000    -0.003333819312
8.13000    -0.001172340689
8.14000    0.001108126353
8.15000    0.003469312041
8.16000    0.006226507788
8.17000    0.008987832697
8.18000    0.011457245579
8.19000    0.013669553230
8.20000    0.015598245886
8.21000    0.017048976726
8.22000    0.018374661050
8.23000    0.019499097597
8.24000    0.020527169092
8.25000    0.021365728638
8.26000    0.022087550734
8.27000    0.022677538511
8.28000    0.023109188944
8.29000    0.023180040456
8.30000    0.022752610968
8.31000    0.021912073854
8.32000    0.020659670999
8.33000    0.018929686697
8.34000    0.016544668716
8.35000    0.013702270886
8.36000    0.010625795132
8.37000    0.007406325626
8.38000    0.004221923970
8.39000    0.000938295702
8.40000    -0.002377055647
8.41000    -0.005974099090
8.42000    -0.009135392029
8.43000    -0.012093857462
8.44000    -0.014745608649
8.45000    -0.017277599939
8.46000    -0.019572630557
8.47000    -0.021850512689
8.48000    -0.024058460756
8.49000    -0.026090842994
8.50000    -0.027823553763
8.51000    -0.029509692477
8.52000    -0.031114334024
8.53000    -0.032408696845
8.54000    -0.033783877864
8.55000    -0.035047778370
8.56000    -0.036358035653
8.57000    -0.037455322589
8.58000    -0.038458194546
8.59000    -0.039315520023
8.60000    -0.040130927154
8.61000    -0.041032371521
8.62000    -0.042160870232
8.63000    -0.043464274810
8.64000    -0.044862115525
8.65000    -0.046294640864
8.66000    -0.047686143885
8.67000    -0.049391527811
8.68000    -0.051470037185
8.69000    -0.053833898009
8.70000    -0.056566363618
8.71000    -0.059592518743
8.72000    -0.062823295447
8.73000    -0.066132505070
8.74000    -0.069481218201
8.75000    -0.072850692687
8.76000    -0.076184794326
8.77000    -0.079484801378
8.78000    -0.082807566590
8.79000    -0.086167004373
8.80000    -0.089545140765
8.81000    -0.092970882996
8.82000    -0.096607849171
8.83000    -0.100703328098
8.84000    -0.105353337633
8.85000    -0.110779156864
8.86000    -0.116854898907
8.87000    -0.123593106884
8.88000    -0.130865138220
8.89000    -0.138199533117
8.90000    -0.145216823351
8.91000    -0.151929525089
8.92000    -0.158445147715
8.93000    -0.164608927989
8.94000    -0.170323708448
8.95000    -0.175564887129
8.96000    -0.180345483843
8.97000    -0.184891017310
8.98000    -0.189341243907
8.99000    -0.193726828198
9.00000    -0.198110689384
9.01000    -0.202257927604
9.02000    -0.206494837738
9.03000    -0.210576534205
9.04000    -0.214442706474
9.05000    -0.218131755970
9.06000    -0.221666910939
9.07000    -0.225285792194
9.08000    -0.228747966555
9.09000    -0.232319809743
9.10000    -0.235966686160
9.11000    -0.239866538115
9.12000    -0.243883865550
9.13000    -0.248063608858
9.14000    -0.252555610211
9.15000    -0.257398003552
9.16000    -0.262646998480
9.17000    -0.268390239889
9.18000    -0.274441814753
9.19000    -0.280590736675
9.20000    -0.286636096448
9.21000    -0.292764576253
9.22000    -0.299135011556
9.23000    -0.305706821975
9.24000    -0.311984010413
9.25000    -0.317713747341
9.26000    -0.322701959818
9.27000    -0.326886206137
9.28000    -0.330306961869
9.29000    -0.333117304891
9.30000    -0.335378843370
9.31000    -0.337348918635
9.32000    -0.339214208580
9.33000    -0.341241643274
9.34000    -0.343386079542
9.35000    -0.345666421833
9.36000    -0.347982266135
9.37000    -0.350107359119
9.38000    -0.352151137019
9.39000    -0.354306502132
9.40000    -0.356697968765
9.41000    -0.359258909709
9.42000    -0.361866608888
9.43000    -0.364482485656
9.44000    -0.367147943668
9.45000    -0.369695080534
9.46000    -0.372018151747
9.47000    -0.374357598044
9.48000    -0.376963145013
9.49000    -0.379440123193
9.50000    -0.382088560317
9.51000    -0.384294840769
9.52000    -0.385781479853
9.53000    -0.386634131062
9.54000    -0.387127342287
9.55000    -0.387739903063
9.56000    -0.388803241211
9.57000    -0.390218387989
9.58000    -0.391765099241
9.59000    -0.393364471399
9.60000    -0.395137455358
9.61000    -0.397165525820
9.62000    -0.399048401203
9.63000    -0.400825440552
9.64000    -0.402765587299
9.65000    -0.404730367818
9.66000    -0.406892358192
9.67000    -0.408821141220
9.68000    -0.410257780268
9.69000    -0.411209561947
9.70000    -0.411933367751
9.71000    -0.412630821046
9.72000    -0.413282076712
9.73000    -0.413881695449
9.74000    -0.414312312071
9.75000    -0.415090356832
9.76000    -0.416244466147
9.77000    -0.417648637100
9.78000    -0.419362897754
9.79000    -0.421823417958
9.80000    -0.424768843118
9.81000    -0.427992977895
9.82000    -0.431121032617
9.83000    -0.433966252348
9.84000    -0.435922971335
9.85000    -0.437052215859
9.86000    -0.437932899937
9.87000    -0.438648838480
9.88000    -0.439202244002
9.89000    -0.439357341200
9.90000    -0.439548540067
9.91000    -0.439764966318
9.92000    -0.440208077715
9.93000    -0.440766353539
9.94000    -0.441519372340
9.95000    -0.442333310176
9.96000    -0.443134588225
9.97000    -0.443755963104
9.98000    -0.443868859348
9.99000    -0.443891832221
10.00000    -0.443798548793
10.01000    -0.443889218012
10.02000    -0.444087392048
10.03000    -0.444288372016
10.04000    -0.444259309741
10.05000    -0.444334316615
10.06000    -0.444441148356
10.07000    -0.444613077821
10.08000    -0.444930168053
10.09000    -0.445452058773
10.10000    -0.446377853835
10.11000    -0.447500182933
10.12000    -0.448727075592
10.13000    -0.449935827886
10.14000    -0.450899835590
10.15000    -0.451688708890
10.16000    -0.452640052382
10.17000    -0.453794698226
10.18000    -0.454877554706
10.19000    -0.455878647916
10.20000    -0.456813838101
10.21000    -0.457766924955
10.22000    -0.458786302874
10.23000    -0.459965122400
10.24000    -0.460797959300
10.25000    -0.461448122550
10.26000    -0.462070694887
10.27000    -0.463087905662
10.28000    -0.464006274729
10.29000    -0.465132327916
10.30000    -0.465919244411
10.31000    -0.466303212513
10.32000    -0.466695906451
10.33000    -0.466463110648
10.34000    -0.465613293275
10.35000    -0.464705618161
10.36000    -0.463868272761
10.37000    -0.463418561796
10.38000    -0.463075407083
10.39000    -0.463191695692
10.40000    -0.463826025652
10.41000    -0.464441578912
10.42000    -0.465240860323
10.43000    -0.465539863127
10.44000    -0.465798944027
10.45000    -0.466307889831
10.46000    -0.466693542907
10.47000    -0.467079770346
10.48000    -0.467285082509
10.49000    -0.467553054915
10.50000    -0.467773192204
10.51000    -0.468181939940
10.52000    -0.468260486781
10.53000    -0.468039656042
10.54000    -0.467803163629
10.55000    -0.467501169599
10.56000    -0.467215585683
10.57000    -0.466573505806
10.58000    -0.466573770697
10.59000    -0.466590622917
10.60000    -0.466634802418
10.61000    -0.466528899412
10.62000    -0.466038718318
10.63000    -0.465533166007
10.64000    -0.464845678034
10.65000    -0.463965313521
10.66000    -0.462771997410
10.67000    -0.461328295383
10.68000    -0.459723246257
10.69000    -0.458325047026
10.70000    -0.457203362129
10.71000    -0.456182155962
10.72000    -0.455325603530
10.73000    -0.454710695277
10.74000    -0.454186739874
10.75000    -0.453830897063
10.76000    -0.453362757962
10.77000    -0.452955683667
10.78000    -0.452194799326
10.79000    -0.451251464623
10.80000    -0.450062875885
10.81000    -0.448269809235
10.82000    -0.446220345108
10.83000    -0.444007761706
10.84000    -0.441956689410
10.85000    -0.439675558151
10.86000    -0.436974638526
10.87000    -0.433977658094
10.88000    -0.430798180591
10.89000    -0.427571458212
10.90000    -0.424488497035
10.91000    -0.421403930300
10.92000    -0.418538834424
10.93000    -0.416289096657
10.94000    -0.414115713957
10.95000    -0.412101329301
10.96000    -0.409925923815
10.97000    -0.407498737851
10.98000    -0.404869471761
10.99000    -0.402333877199
11.00000    -0.399691785204
11.01000    -0.396939543165
11.02000    -0.394042294407
11.03000    -0.391116680442
11.04000    -0.388091150756
11.05000    -0.384809820984
11.06000    -0.381029018211
11.07000    -0.377096936198
11.08000    -0.373203567687
11.09000    -0.369451800962
11.10000    -0.365789970662
11.11000    -0.362095685800
11.12000    -0.358295547142
11.13000    -0.354344977114
11.14000    -0.350273584933
11.15000    -0.346205057037
11.16000    -0.342330632681
11.17000    -0.338396045426
11.18000    -0.334383574611
11.19000    -0.330263940762
11.20000    -0.325617117550
11.21000    -0.320848004783
11.22000    -0.316040314394
11.23000    -0.311449674137
11.24000    -0.306917896994
11.25000    -0.302525804280
11.26000    -0.298020406647
11.27000    -0.293459734990
11.28000    -0.288919807646
11.29000    -0.284638237092
11.30000    -0.280619819042
11.31000    -0.276867442345
11.32000    -0.272965261235
11.33000    -0.268983346184
11.34000    -0.264954477523
11.35000    -0.260820507524
11.36000    -0.256667511729
11.37000    -0.252270244446
11.38000    -0.247367944618
11.39000    -0.242117708375
11.40000    -0.236218613743
11.41000    -0.229756657997
11.42000    -0.223165343524
11.43000    -0.216603280749
11.44000    -0.210304792011
11.45000    -0.204156517795
11.46000    -0.198076096736
11.47000    -0.192019211032
11.48000    -0.186221168748
11.49000    -0.180695937063
11.50000    -0.175499685023
11.51000    -0.170251778987
11.52000    -0.164907579075
11.53000    -0.159455001104
11.54000    -0.153945783612
11.55000    -0.148478460497
11.56000    -0.143125426264
11.57000    -0.137680102285
11.58000    -0.132360584969
11.59000    -0.126977282605
11.60000    -0.121465964600
11.61000    -0.115898003971
11.62000    -0.110197241565
11.63000    -0.104485226423
11.64000    -0.098642912753
11.65000    -0.092928337857
11.66000    -0.087325239507
11.67000    -0.081854273001
11.68000    -0.076732282469
11.69000    -0.071613634232
11.70000    -0.066614103900
11.71000    -0.061678775339
11.72000    -0.056568276581
11.73000    -0.051843090575
11.74000    -0.047857724546
11.75000    -0.044824770552
11.76000    -0.042810502977
11.77000    -0.041888668603
11.78000    -0.041727872683
11.79000    -0.041998114334
11.80000    -0.042665246227
11.81000    -0.043375592480
11.82000    -0.044182032605
11.83000    -0.045182157627
11.84000    -0.046114880355
11.85000    -0.046957709676
11.86000    -0.047633170435
11.87000    -0.048254776655
11.88000    -0.048826571358
11.89000    -0.049538116028
11.90000    -0.050459866362
11.91000    -0.051591808736
11.92000    -0.052709490291
11.93000    -0.053533153608
11.94000    -0.054098729990
11.95000    -0.054657843508
11.96000    -0.054990893986
11.97000    -0.055199449542
11.98000    -0.055263138414
11.99000    -0.055277648305
12.00000    -0.055273053427
12.01000    -0.055573971884
12.02000    -0.055954773093
12.03000    -0.056437802161
12.04000    -0.056922283368
12.05000    -0.057274705564
12.06000    -0.057619768753
12.07000    -0.057829794140
12.08000    -0.058056158619
12.09000    -0.058251876333
12.10000    -0.058334091917
12.11000    -0.058434385980
12.12000    -0.058610149258
12.13000    -0.058519892702
12.14000    -0.058519377770
12.15000    -0.058164302860
12.16000    -0.057821235274
12.17000    -0.057322222432
12.18000    -0.056895947022
12.19000    -0.056679385167
12.20000    -0.056534317786
12.21000    -0.056161940799
12.22000    -0.055283570236
12.23000    -0.054027582029
12.24000    -0.052634362564
12.25000    -0.051473702849
12.26000    -0.050424305708
12.27000    -0.049716106276
12.28000    -0.049150504649
12.29000    -0.048956657874
12.30000    -0.048909099029
12.31000    -0.049041590883
12.32000    -0.049195196741
12.33000    -0.049320220276
12.34000    -0.049400930049
12.35000    -0.049702528549
12.36000    -0.050074860025
12.37000    -0.050593565034
12.38000    -0.051076605274
12.39000    -0.051541091174
12.40000    -0.051968350604
12.41000    -0.052565853076
12.42000    -0.053314489881
12.43000    -0.054109816779
12.44000    -0.055015501851
12.45000    -0.055977951045
12.46000    -0.057118275884
12.47000    -0.058264800749
12.48000    -0.059696855716
12.49000    -0.061180774548
12.50000    -0.062639213308
12.51000    -0.063980729665
12.52000    -0.065600463143
12.53000    -0.067380069173
12.54000    -0.068966739029
12.55000    -0.070617432940
12.56000    -0.072161533452
12.57000    -0.073530070311
12.58000    -0.074818558402
12.59000    -0.076099574830
12.60000    -0.077181110360
12.61000    -0.078017566880
12.62000    -0.078509925418
12.63000    -0.078712201233
12.64000    -0.078927016276
12.65000    -0.079283742919
12.66000    -0.079966892507
12.67000    -0.080825367343
12.68000    -0.081764363995
12.69000    -0.082553075021
12.70000    -0.083132741753
12.71000    -0.083519204509
12.72000    -0.083613283881
12.73000    -0.083818915349
12.74000    -0.083685962380
12.75000    -0.083763000041
12.76000    -0.083637845668
12.77000    -0.083588166710
12.78000    -0.083600220353
12.79000    -0.083620207271
12.80000    -0.083679697876
12.81000    -0.083767240219
12.82000    -0.084039015449
12.83000    -0.084324988788
12.84000    -0.084696151118
12.85000    -0.085090430832
12.86000    -0.085458030859
12.87000    -0.085891242146
12.88000    -0.086334777337
12.89000    -0.086906202474
12.90000    -0.087493995627
12.91000    -0.088227233078
12.92000    -0.088912934055
12.93000    -0.089666373046
12.94000    -0.090465631537
12.95000    -0.091282013462
12.96000    -0.092139675614
12.97000    -0.092894396450
12.98000    -0.093508228232
12.99000    -0.093956995750
13.00000    -0.094323762997
13.01000    -0.094593785428
13.02000    -0.094941783198
13.03000    -0.095184901284
13.04000    -0.095414208741
13.05000    -0.095442952380
13.06000    -0.095400699634
13.07000    -0.095213898551
13.08000    -0.094906116602
13.09000    -0.094493398394
13.10000    -0.094143612350
13.11000    -0.093958409531
13.12000    -0.094006382319
13.13000    -0.094282129325
13.14000    -0.094619539080
13.15000    -0.094918167256
13.16000    -0.095184236867
13.17000    -0.095374354535
13.18000    -0.095378915333
13.19000    -0.095377103943
13.20000    -0.095280563897
13.21000    -0.094980943844
13.22000    -0.094605936805
13.23000    -0.094105042467
13.24000    -0.093636122107
13.25000    -0.093255943674
13.26000    -0.093078478428
13.27000    -0.092967739273
13.28000    -0.092895056325
13.29000    -0.092837981893
13.30000    -0.092740602526
13.31000    -0.092709267050
13.32000    -0.092727744542
13.33000    -0.092886055065
13.34000    -0.093130147840
13.35000    -0.093515873900
13.36000    -0.093986538547
13.37000    -0.094510347091
13.38000    -0.095127136529
13.39000    -0.095777114585
13.40000    -0.096442825743
13.41000    -0.097094579143
13.42000    -0.097652967180
13.43000    -0.098109263517
13.44000    -0.098446060254
13.45000    -0.098703298240
13.46000    -0.098877372590
13.47000    -0.099098247538
13.48000    -0.099330268713
13.49000    -0.099542941165
13.50000    -0.099910511370
13.51000    -0.100275424513
13.52000    -0.100636667730
13.53000    -0.100886716584
13.54000    -0.101046089149
13.55000    -0.101246428165
13.56000    -0.101417850347
13.57000    -0.101633554082
13.58000    -0.101799372722
13.59000    -0.102264169756
13.60000    -0.102879392045
13.61000    -0.103695480442
13.62000    -0.104579050612
13.63000    -0.105406603712
13.64000    -0.106090717876
13.65000    -0.106636632776
13.66000    -0.106923979276
13.67000    -0.107042683723
13.68000    -0.107156072585
13.69000    -0.107261321677
13.70000    -0.107347405322
13.71000    -0.107281378068
13.72000    -0.107224942131
13.73000    -0.107176761806
13.74000    -0.107130545918
13.75000    -0.107156215728
13.76000    -0.107382687501
13.77000    -0.107758753007
13.78000    -0.108142634589
13.79000    -0.108530886107
13.80000    -0.108861422775
13.81000    -0.109152541155
13.82000    -0.109401519877
13.83000    -0.109610658495
13.84000    -0.109817359249
13.85000    -0.110019264099
13.86000    -0.110129701893
13.87000    -0.110211770047
13.88000    -0.110287431899
13.89000    -0.110397644251
13.90000    -0.110468922457
13.91000    -0.110448680762
13.92000    -0.110363656750
13.93000    -0.110241771054
13.94000    -0.110139646163
13.95000    -0.109991215649
13.96000    -0.109860373684
13.97000    -0.109678502247
13.98000    -0.109513572992
13.99000    -0.109224472360
14.00000    -0.108805364525
14.01000    -0.108366967712
14.02000    -0.107824082802
14.03000    -0.107418067660
14.04000    -0.106983120972
14.05000    -0.106887731271
14.06000    -0.106949866629
14.07000    -0.107187191817
14.08000    -0.107548878193
14.09000    -0.107805465018
14.10000    -0.107940556796
14.11000    -0.108017239136
14.12000    -0.107960736830
14.13000    -0.107652233436
14.14000    -0.107392934387
14.15000    -0.106922378758
14.16000    -0.106568444224
14.17000    -0.105975119431
14.18000    -0.105392830731
14.19000    -0.104766251176
14.20000    -0.104182437794
14.21000    -0.103581743843
14.22000    -0.102759665792
14.23000    -0.101923574944
14.24000    -0.101072160149
14.25000    -0.100259377087
14.26000    -0.099461420951
14.27000    -0.099592251598
14.28000    -0.098952106184
14.29000    -0.097346690915
14.30000    -0.094990259406
14.31000    -0.093198545743
14.32000    -0.091990812677
14.33000    -0.091045194612
14.34000    -0.090319701076
14.35000    -0.089728424339
14.36000    -0.089247302939
14.37000    -0.088913274777
14.38000    -0.088592542738
14.39000    -0.088310125465
14.40000    -0.087908485243
14.41000    -0.087341609092
14.42000    -0.086469678418
14.43000    -0.085487654885
14.44000    -0.084457339386
14.45000    -0.083612108206
14.46000    -0.082757123895
14.47000    -0.081797994478
14.48000    -0.080510311241
14.49000    -0.078945141470
14.50000    -0.077056464565
14.51000    -0.074909398086
14.52000    -0.072448028725
14.53000    -0.069831460448
14.54000    -0.067058338872
14.55000    -0.064167766620
14.56000    -0.061165763521
14.57000    -0.058025989348
14.58000    -0.054854675485
14.59000    -0.051623252176
14.60000    -0.048495754282
14.61000    -0.045185060141
14.62000    -0.041978009881
14.63000    -0.038632715274
14.64000    -0.035287815540
14.65000    -0.031827362402
14.66000    -0.027987490125
14.67000    -0.024005226948
14.68000    -0.019634119733
14.69000    -0.014903192787
14.70000    -0.009928752055
14.71000    -0.004650319430
14.72000    0.000949784230
14.73000    0.006592636059
14.74000    0.012187180786
14.75000    0.018016567394
14.76000    0.024072700691
14.77000    0.029721309943
14.78000    0.035205084519
14.79000    0.040412290307
14.80000    0.045208738639
14.81000    0.049784927610
14.82000    0.054112299727
14.83000    0.058654471099
14.84000    0.063487387531
14.85000    0.068570742044
14.86000    0.073931814615
14.87000    0.079433811846
14.88000    0.085204163008
14.89000    0.090863178792
14.90000    0.096594771672
14.91000    0.102680637732
14.92000    0.108472210619
14.93000    0.114515678335
14.94000    0.120563187363
14.95000    0.126061261426
14.96000    0.131555542988
14.97000    0.137346200610
14.98000    0.143302130029
14.99000    0.149348566541
15.00000    0.155983301585
15.01000    0.162813914594
15.02000    0.168859291891
15.03000    0.174939673839
15.04000    0.181611110685
15.05000    0.188917293359
15.06000    0.196547460358
15.07000    0.204475794066
15.08000    0.212158496150
15.09000    0.219778551015
15.10000    0.227482277554
15.11000    0.235172249871
15.12000    0.243492078034
15.13000    0.252220189618
15.14000    0.261663247763
15.15000    0.271008630022
15.16000    0.279173562013
15.17000    0.286709349923
15.18000    0.293260316368
15.19000    0.298117818424
15.20000    0.301808608003
15.21000    0.304958041707
15.22000    0.307848512555
15.23000    0.310629036567
15.24000    0.313223350385
15.25000    0.315938828017
15.26000    0.319148112273
15.27000    0.322796515426
15.28000    0.326764378387
15.29000    0.330504420919
15.30000    0.334208320787
15.31000    0.337500474202
15.32000    0.340598728814
15.33000    0.344289276579
15.34000    0.348124582743
15.35000    0.351474458835
15.36000    0.355036902566
15.37000    0.358575324266
15.38000    0.362075615454
15.39000    0.365610871517
15.40000    0.369472974888
15.41000    0.373421605828
15.42000    0.377261163221
15.43000    0.381552261527
15.44000    0.385608288994
15.45000    0.389436693136
15.46000    0.393082223079
15.47000    0.396617829556
15.48000    0.400640888510
15.49000    0.404163359989
15.50000    0.407750679983
15.51000    0.411474674644
15.52000    0.414848699011
15.53000    0.418779640233
15.54000    0.423413244931
15.55000    0.428455006026
15.56000    0.433654416237
15.57000    0.437910314185
15.58000    0.440976715139
15.59000    0.442639988530
15.60000    0.443888914857
15.61000    0.445457476903
15.62000    0.447912974731
15.63000    0.450516817020
15.64000    0.453419514926
15.65000    0.456863855638
15.66000    0.460707513328
15.67000    0.465044325191
15.68000    0.469351940861
15.69000    0.473444142918
15.70000    0.477210833938
15.71000    0.480147673343
15.72000    0.482226616381
15.73000    0.483869206879
15.74000    0.485193888629
15.75000    0.486675865453
15.76000    0.488529763705
15.77000    0.490368136774
15.78000    0.492129732438
15.79000    0.493687107650
15.80000    0.494793197819
15.81000    0.496366153648
15.82000    0.498752446765
15.83000    0.502178575404
15.84000    0.506374365131
15.85000    0.510902313933
15.86000    0.515918569261
15.87000    0.520898519958
15.88000    0.525632322723
15.89000    0.530001537958
15.90000    0.534136366356
15.91000    0.538315380547
15.92000    0.542777852788
15.93000    0.547022019970
15.94000    0.550202059163
15.95000    0.552516097953
15.96000    0.554522881738
15.97000    0.556126072304
15.98000    0.557187893690
15.99000    0.557978395328
16.00000    0.558901243323
16.01000    0.560381229584
16.02000    0.561798436942
16.03000    0.563496583684
16.04000    0.565496191474
16.05000    0.567552158216
16.06000    0.569959247854
16.07000    0.572239316259
16.08000    0.574310848231
16.09000    0.576323233462
16.10000    0.577908420137
16.11000    0.579131010766
16.12000    0.579976640925
16.13000    0.580503176780
16.14000    0.580708202330
16.15000    0.580388571568
16.16000    0.579463010682
16.17000    0.578186597167
16.18000    0.576461391307
16.19000    0.574252160123
16.20000    0.571685964252
16.21000    0.568639772783
16.22000    0.565706887097
16.23000    0.563052410800
16.24000    0.560356156058
16.25000    0.557681296705
16.26000    0.555184943849
16.27000    0.552747576477
16.28000    0.550153204979
16.29000    0.547504760395
16.30000    0.544671257841
16.31000    0.541597630934
16.32000    0.538358236373
16.33000    0.534902537939
16.34000    0.531347054533
16.35000    0.527996925098
16.36000    0.525063306609
16.37000    0.522321281540
16.38000    0.519829460421
16.39000    0.517045923546
16.40000    0.513494017837
16.41000    0.510165515256
16.42000    0.507019143779
16.43000    0.503011805669
16.44000    0.498760448071
16.45000    0.494241532196
16.46000    0.489342848438
16.47000    0.484504893999
16.48000    0.479734153766
16.49000    0.474916985220
16.50000    0.470026953725
16.51000    0.464825856983
16.52000    0.459764270070
16.53000    0.453842430835
16.54000    0.446993407476
16.55000    0.439629169687
16.56000    0.432103183301
16.57000    0.424356795377
16.58000    0.416418473457
16.59000    0.408469048745
16.60000    0.401199194678
16.61000    0.394552302142
16.62000    0.388626556060
16.63000    0.382962798063
16.64000    0.377107513246
16.65000    0.370775098019
16.66000    0.363297380927
16.67000    0.354566839167
16.68000    0.345298778611
16.69000    0.335622518127
16.70000    0.325989347907
16.71000    0.316068137061
16.72000    0.306012101564
16.73000    0.296062494084
16.74000    0.285833742911
16.75000    0.275212764036
16.76000    0.264095404668
16.77000    0.252364358082
16.78000    0.240261711903
16.79000    0.228481688177
16.80000    0.217020866488
16.81000    0.206323600880
16.82000    0.196538985237
16.83000    0.187494824435
16.84000    0.178779094280
16.85000    0.170401760372
16.86000    0.162263325621
16.87000    0.154071407753
16.88000    0.145936462440
16.89000    0.137170961549
16.90000    0.127030753263
16.91000    0.115792515382
16.92000    0.104796259230
16.93000    0.094676513800
16.94000    0.085826967992
16.95000    0.078083857939
16.96000    0.071356245182
16.97000    0.065440470223
16.98000    0.060191946006
16.99000    0.055352408725
17.00000    0.050515371827
17.01000    0.045323843262
17.02000    0.039858678951
17.03000    0.033723933305
17.04000    0.027283272156
17.05000    0.020667132954
17.06000    0.013533383255
17.07000    0.004813489932
17.08000    -0.005507437914
17.09000    -0.016368291397
17.10000    -0.026670189279
17.11000    -0.035695821693
17.12000    -0.043245999608
17.13000    -0.049713487772
17.14000    -0.055560257858
17.15000    -0.061290083770
17.16000    -0.067266041934
17.17000    -0.072973031390
17.18000    -0.078196246466
17.19000    -0.083164868782
17.20000    -0.087958293816
17.21000    -0.092817674504
17.22000    -0.097603610911
17.23000    -0.102350010348
17.24000    -0.107413201753
17.25000    -0.112668113085
17.26000    -0.118431417033
17.27000    -0.124255645323
17.28000    -0.130444726262
17.29000    -0.137216633032
17.30000    -0.144681506800
17.31000    -0.151182009251
17.32000    -0.156407630182
17.33000    -0.160309757438
17.34000    -0.163592887638
17.35000    -0.166384671377
17.36000    -0.168696312330
17.37000    -0.170769716200
17.38000    -0.172766044312
17.39000    -0.175015624600
17.40000    -0.177621866414
17.41000    -0.180604148488
17.42000    -0.183685674581
17.43000    -0.187065469462
17.44000    -0.190664224589
17.45000    -0.194318752424
17.46000    -0.197852926872
17.47000    -0.201232221845
17.48000    -0.204415664541
17.49000    -0.207369466706
17.50000    -0.210021410786
17.51000    -0.211615204856
17.52000    -0.211811243603
17.53000    -0.210994156106
17.54000    -0.209618642473
17.55000    -0.208223340602
17.56000    -0.207121273845
17.57000    -0.206376211679
17.58000    -0.205911315821
17.59000    -0.205488226741
17.60000    -0.205231988513
17.61000    -0.205014949861
17.62000    -0.204845789174
17.63000    -0.204779619340
17.64000    -0.204761523699
17.65000    -0.204931983523
17.66000    -0.205166511652
17.67000    -0.205539770446
17.68000    -0.206012284346
17.69000    -0.206551004425
17.70000    -0.207055777757
17.71000    -0.207411760499
17.72000    -0.207584103647
17.73000    -0.207673845989
17.74000    -0.207742165147
17.75000    -0.207658323104
17.76000    -0.207561638828
17.77000    -0.207182466682
17.78000    -0.206779314893
17.79000    -0.206231674068
17.80000    -0.205726215866
17.81000    -0.205264484454
17.82000    -0.205097090465
17.83000    -0.205115568948
17.84000    -0.205345833291
17.85000    -0.205785856666
17.86000    -0.206226345987
17.87000    -0.206407993529
17.88000    -0.206611527374
17.89000    -0.206742566903
17.90000    -0.206819789200
17.91000    -0.207101049586
17.92000    -0.207146664117
17.93000    -0.207101351139
17.94000    -0.206751529673
17.95000    -0.206366503891
17.96000    -0.205753452077
17.97000    -0.204996571323
17.98000    -0.204010111585
17.99000    -0.202952179199
18.00000    -0.201852791806
18.01000    -0.200681303354
18.02000    -0.199448034539
18.03000    -0.198107108306
18.04000    -0.196627027122
18.05000    -0.195006604158
18.06000    -0.193187661700
18.07000    -0.191383241025
18.08000    -0.189533968097
18.09000    -0.187752418650
18.10000    -0.185996579713
18.11000    -0.184105886367
18.12000    -0.182207879328
18.13000    -0.180201814238
18.14000    -0.178131231985
18.15000    -0.175943792742
18.16000    -0.173558440248
18.17000    -0.170819831787
18.18000    -0.167474009881
18.19000    -0.163244260819
18.20000    -0.158193327701
18.21000    -0.152061251317
18.22000    -0.145879490078
18.23000    -0.139696346213
18.24000    -0.133863083055
18.25000    -0.128064561465
18.26000    -0.122421994139
18.27000    -0.116969463057
18.28000    -0.111723208433
18.29000    -0.106852605384
18.30000    -0.102599844359
18.31000    -0.098937595642
18.32000    -0.095519832492
18.33000    -0.092086771151
18.34000    -0.088437009141
18.35000    -0.084749230861
18.36000    -0.081122641661
18.37000    -0.077312860097
18.38000    -0.073431569780
18.39000    -0.069333257176
18.40000    -0.065083855616
18.41000    -0.060565644003
18.42000    -0.055932089120
18.43000    -0.051237638566
18.44000    -0.046502172321
18.45000    -0.041602947948
18.46000    -0.036557590797
18.47000    -0.031478023033
18.48000    -0.026237126099
18.49000    -0.021261596232
18.50000    -0.016757847685
18.51000    -0.012666640618
18.52000    -0.008932646939
18.53000    -0.005457378212
18.54000    -0.002114148172
18.55000    0.001120539684
18.56000    0.004279757284
18.57000    0.007460805095
18.58000    0.010522462810
18.59000    0.013430843954
18.60000    0.016260481057
18.61000    0.019075896768
18.62000    0.022159739337
18.63000    0.025264053377
18.64000    0.028511226460
18.65000    0.031907110436
18.66000    0.035458627732
18.67000    0.039385439387
18.68000    0.043758722689
18.69000    0.048568826462
18.70000    0.053864025178
18.71000    0.059472340786
18.72000    0.065262467880
18.73000    0.071141175231
18.74000    0.077008293531
18.75000    0.083057614391
18.76000    0.089362746418
18.77000    0.096190280564
18.78000    0.103498581085
18.79000    0.111479359596
18.80000    0.120282076171
18.81000    0.130169931531
18.82000    0.141166241597
18.83000    0.152955283274
18.84000    0.164430336620
18.85000    0.175411513832
18.86000    0.185928617154
18.87000    0.196550103339
18.88000    0.207482647535
18.89000    0.218396615791
18.90000    0.228190161344
18.91000    0.236807818722
18.92000    0.244817990458
18.93000    0.252563717121
18.94000    0.260268295519
18.95000    0.268137972040
18.96000    0.275714708088
18.97000    0.282731322480
18.98000    0.289735957186
18.99000    0.297350654360
19.00000    0.305202960654
19.01000    0.312697408197
19.02000    0.320090460545
19.03000    0.327495826959
19.04000    0.334636331635
19.05000    0.342044417347
19.06000    0.349118802533
19.07000    0.356143626031
19.08000    0.362886093863
19.09000    0.369337190377
19.10000    0.375540408431
19.11000    0.381291285369
19.12000    0.386488474278
19.13000    0.391800998424
19.14000    0.397221427772
19.15000    0.402725168932
19.16000    0.408792492501
19.17000    0.414949350265
19.18000    0.420963441638
19.19000    0.426463758778
19.20000    0.431600315995
19.21000    0.436386153532
19.22000    0.440566713847
19.23000    0.444160030953
19.24000    0.447425852065
19.25000    0.450187950308
19.26000    0.452958120928
19.27000    0.455815020645
19.28000    0.458683084662
19.29000    0.461808768162
19.30000    0.464818357342
19.31000    0.467751779876
19.32000    0.470918950550
19.33000    0.474215210180
19.34000    0.477290190930
19.35000    0.480183971158
19.36000    0.482779602994
19.37000    0.485644269239
19.38000    0.488931154183
19.39000    0.492557909804
19.40000    0.495938886935
19.41000    0.498331756592
19.42000    0.500289564889
19.43000    0.501972005893
19.44000    0.503673877220
19.45000    0.505608945485
19.46000    0.507699437873
19.47000    0.510282167177
19.48000    0.513320365691
19.49000    0.516586278304
19.50000    0.519505863448
19.51000    0.522065351620
19.52000    0.524256627957
19.53000    0.525718912066
19.54000    0.526584146855
19.55000    0.527253571896
19.56000    0.527825259127
19.57000    0.528104985257
19.58000    0.528314366592
19.59000    0.528794719103
19.60000    0.529418607637
19.61000    0.530404291581
19.62000    0.532084697857
19.63000    0.534318671820
19.64000    0.536581902689
19.65000    0.538695309031
19.66000    0.540338545856
19.67000    0.540933014056
19.68000    0.540778232727
19.69000    0.540165439361
19.70000    0.539439410123
19.71000    0.538731347062
19.72000    0.538134701504
19.73000    0.537887326851
19.74000    0.537675598791
19.75000    0.537535891148
19.76000    0.537344699365
19.77000    0.537509589798
19.78000    0.537508265744
19.79000    0.537086656614
19.80000    0.536289985299
19.81000    0.535232592264
19.82000    0.534011134229
19.83000    0.532627919353
19.84000    0.531265496078
19.85000    0.530198257206
19.86000    0.529683567562
19.87000    0.529717949011
19.88000    0.529792282663
19.89000    0.529712898480
19.90000    0.529644819483
19.91000    0.529662558011
19.92000    0.529932373139
19.93000    0.530378598975
19.94000    0.530575018693
19.95000    0.530624977237
19.96000    0.530977280573
19.97000    0.531551552320
19.98000    0.531839303678
19.99000    0.531969898309
20.00000    0.531986603779
20.01000    0.531890736223
20.02000    0.531271916260
20.03000    0.530109170338
20.04000    0.528757409144
20.05000    0.527343781003
20.06000    0.526033957339
20.07000    0.524581310766
20.08000    0.523103704165
20.09000    0.521345286828
20.10000    0.519483025120
20.11000    0.517781325943
20.12000    0.516033023102
20.13000    0.513868848735
20.14000    0.510586528310
20.15000    0.506654640814
20.16000    0.502779159322
20.17000    0.500033003512
20.18000    0.498219809193
20.19000    0.496244463291
20.20000    0.493933293661
20.21000    0.491071195312
20.22000    0.488368284897
20.23000    0.485667672030
20.24000    0.482696228054
20.25000    0.479522697497
20.26000    0.475746198372
20.27000    0.471459714727
20.28000    0.466679213049
20.29000    0.460973141682
20.30000    0.454540995238
20.31000    0.447716739976
20.32000    0.440762387454
20.33000    0.433311250579
20.34000    0.424340460503
20.35000    0.415076585918
20.36000    0.406933680290
20.37000    0.400422554712
20.38000    0.394574495994
20.39000    0.389653507320
20.40000    0.385345791015
20.41000    0.380561797125
20.42000    0.374659903470
20.43000    0.367750752978
20.44000    0.360055333053
20.45000    0.351511837093
20.46000    0.342093440947
20.47000    0.331945885929
20.48000    0.321258357417
20.49000    0.310172138709
20.50000    0.298554722061
20.51000    0.286123558931
20.52000    0.272788418307
20.53000    0.258747305476
20.54000    0.244058325274
20.55000    0.229284593032
20.56000    0.214076784875
20.57000    0.197981543601
20.58000    0.182435435464
20.59000    0.168991468248
20.60000    0.157598816999
20.61000    0.147858330660
20.62000    0.139983515520
20.63000    0.132649276198
20.64000    0.124847731362
20.65000    0.116516992821
20.66000    0.107522579276
20.67000    0.098081023661
20.68000    0.088385046375
20.69000    0.077874037107
20.70000    0.065847672226
20.71000    0.052528896158
20.72000    0.038260457231
20.73000    0.023621777569
20.74000    0.009431612287
20.75000    -0.004633122445
20.76000    -0.019078628762
20.77000    -0.033191752300
20.78000    -0.047212379971
20.79000    -0.060946112206
20.80000    -0.073485057709
20.81000    -0.083827875799
20.82000    -0.092451382432
20.83000    -0.099602570768
20.84000    -0.105588553688
20.85000    -0.110646906150
20.86000    -0.115079476451
20.87000    -0.118917609485
20.88000    -0.122624935209
20.89000    -0.126441789970
20.90000    -0.130150313388
20.91000    -0.133691115698
20.92000    -0.136883877504
20.93000    -0.139778385463
20.94000    -0.142401632622
20.95000    -0.145034166349
20.96000    -0.147534676926
20.97000    -0.150161462609
20.98000    -0.153121234868
20.99000    -0.156449494506
21.00000    -0.160102019734
21.01000    -0.163842715827
21.02000    -0.167641620013
21.03000    -0.171428082162
21.04000    -0.175220589489
21.05000    -0.179050032244
21.06000    -0.182830972084
21.07000    -0.186228988329
21.08000    -0.189172016866
21.09000    -0.191599742448
21.10000    -0.193504656037
21.11000    -0.195278331314
21.12000    -0.196888566910
21.13000    -0.198777948363
21.14000    -0.200945953145
21.15000    -0.203429171996
21.16000    -0.206499822560
21.17000    -0.210208941988
21.18000    -0.213951852270
21.19000    -0.217185645554
21.20000    -0.220009092937
21.21000    -0.222976907035
21.22000    -0.226107446124
21.23000    -0.229379403652
21.24000    -0.232710857586
21.25000    -0.235908985888
21.26000    -0.238680961257
21.27000    -0.240815986018
21.28000    -0.242315308918
21.29000    -0.243519812903
21.30000    -0.244499269658
21.31000    -0.245179471090
21.32000    -0.245604472020
21.33000    -0.245801361679
21.34000    -0.245714005842
21.35000    -0.245500017195
21.36000    -0.245101936665
21.37000    -0.244660176025
21.38000    -0.244232655625
21.39000    -0.243775333802
21.40000    -0.243131231123
21.41000    -0.242321613961
21.42000    -0.241290825043
21.43000    -0.240140648625
21.44000    -0.238941096850
21.45000    -0.237561182457
21.46000    -0.236016942389
21.47000    -0.234511106536
21.48000    -0.232962668107
21.49000    -0.231447453274
21.50000    -0.229993918051
21.51000    -0.228504621245
21.52000    -0.226875130879
21.53000    -0.225288495660
21.54000    -0.223833604648
21.55000    -0.222491099818
21.56000    -0.221297141243
21.57000    -0.220138680869
21.58000    -0.219303442000
21.59000    -0.218629095999
21.60000    -0.218172114769
21.61000    -0.218097123267
21.62000    -0.218252259977
21.63000    -0.218540574406
21.64000    -0.218868387811
21.65000    -0.219122627241
21.66000    -0.219324234279
21.67000    -0.219491796054
21.68000    -0.219746140923
21.69000    -0.219683993868
21.70000    -0.219275238698
21.71000    -0.218701616072
21.72000    -0.218012230691
21.73000    -0.217003959872
21.74000    -0.215917969922
21.75000    -0.214859482836
21.76000    -0.213677343328
21.77000    -0.212470133874
21.78000    -0.211311899371
21.79000    -0.210219807096
21.80000    -0.209043733395
21.81000    -0.207561898909
21.82000    -0.205371375777
21.83000    -0.202279563468
21.84000    -0.198342979206
21.85000    -0.193772770563
21.86000    -0.188890191105
21.87000    -0.184233038869
21.88000    -0.179835372806
21.89000    -0.175753211593
21.90000    -0.171927210303
21.91000    -0.168096307952
21.92000    -0.164316125588
21.93000    -0.160566472309
21.94000    -0.156770763595
21.95000    -0.153025842678
21.96000    -0.149264012293
21.97000    -0.145366707870
21.98000    -0.141326307067
21.99000    -0.137299748741
22.00000    -0.133058817895
22.01000    -0.128722165653
22.02000    -0.124401374100
22.03000    -0.119975273161
22.04000    -0.115619849623
22.05000    -0.110755558577
22.06000    -0.105534071185
22.07000    -0.100232318483
22.08000    -0.094478959721
22.09000    -0.088522202175
22.10000    -0.082680399106
22.11000    -0.077042547585
22.12000    -0.071304187494
22.13000    -0.065589376530
22.14000    -0.059918270119
22.15000    -0.054206722746
22.16000    -0.048571321822
22.17000    -0.042936187946
22.18000    -0.037187998015
22.19000    -0.031428677384
22.20000    -0.025716379893
22.21000    -0.019842258963
22.22000    -0.013239780241
22.23000    -0.006465814230
22.24000    -0.000185182172
22.25000    0.005256655524
22.26000    0.009747653107
22.27000    0.013763794269
22.28000    0.017909031311
22.29000    0.022264286588
22.30000    0.027060151960
22.31000    0.032238071985
22.32000    0.037750733457
22.33000    0.043518394541
22.34000    0.049215284996
22.35000    0.054713595524
22.36000    0.060083653029
22.37000    0.065396723529
22.38000    0.070706305865
22.39000    0.075991770573
22.40000    0.081199391897
22.41000    0.086468488380
22.42000    0.091686537066
22.43000    0.097152521681
22.44000    0.102590238608
22.45000    0.108024153498
22.46000    0.113853335066
22.47000    0.119794283313
22.48000    0.125583234728
22.49000    0.131462863971
22.50000    0.137522605671
22.51000    0.143855142336
22.52000    0.150201942324
22.53000    0.156623913230
22.54000    0.163403129027
22.55000    0.170558512883
22.56000    0.178724507624
22.57000    0.188113196731
22.58000    0.199424858078
22.59000    0.213624899555
22.60000    0.228796221513
22.61000    0.242526101296
22.62000    0.254164479968
22.63000    0.264181558060
22.64000    0.273695403189
22.65000    0.282620075000
22.66000    0.291232981622
22.67000    0.299461948827
22.68000    0.307080657632
22.69000    0.314304868522
22.70000    0.321187065340
22.71000    0.328225542021
22.72000    0.335016723732
22.73000    0.341229153149
22.74000    0.346981941744
22.75000    0.352093054391
22.76000    0.356786154328
22.77000    0.361785338813
22.78000    0.366564086242
22.79000    0.371077457519
22.80000    0.375216644288
22.81000    0.379249429461
22.82000    0.383564637667
22.83000    0.387887257369
22.84000    0.392183621666
22.85000    0.396484553701
22.86000    0.400556000388
22.87000    0.404607049430
22.88000    0.408650236395
22.89000    0.412279549012
22.90000    0.415741696647
22.91000    0.419056179039
22.92000    0.422311622389
22.93000    0.425598375559
22.94000    0.428797829870
22.95000    0.431966529159
22.96000    0.435086826336
22.97000    0.438320215950
22.98000    0.442018670398
22.99000    0.445716937362
23.00000    0.449089028045
23.01000    0.452449795066
23.02000    0.455822673975
23.03000    0.458915995820
23.04000    0.462028208358
23.05000    0.465471767855
23.06000    0.469297531033
23.07000    0.473078392868
23.08000    0.476766232906
23.09000    0.480498238183
23.10000    0.484066897407
23.11000    0.487589594388
23.12000    0.490819895101
23.13000    0.493861810515
23.14000    0.496808061146
23.15000    0.499343011247
23.16000    0.501890348001
23.17000    0.504318775314
23.18000    0.506606952047
23.19000    0.508784595093
23.20000    0.510859118461
23.21000    0.513064364047
23.22000    0.515014735002
23.23000    0.516711546225
23.24000    0.518351000724
23.25000    0.519655993996
23.26000    0.520707769709
23.27000    0.521769720565
23.28000    0.522790916698
23.29000    0.523745537799
23.30000    0.524600881187
23.31000    0.525238992893
23.32000    0.525634524642
23.33000    0.525880499524
23.34000    0.526093328964
23.35000    0.526289992252
23.36000    0.526812817161
23.37000    0.527602523135
23.38000    0.528666083423
23.39000    0.530036594119
23.40000    0.531559931272
23.41000    0.533065368054
23.42000    0.534343246202
23.43000    0.535406537447
23.44000    0.536685875410
23.45000    0.538227329043
23.46000    0.539544534899
23.47000    0.540797199329
23.48000    0.541921991313
23.49000    0.543205461778
23.50000    0.544575706705
23.51000    0.545800271627
23.52000    0.547056846407
23.53000    0.548756030835
23.54000    0.550601289820
23.55000    0.552354102442
23.56000    0.554166457443
23.57000    0.555787788572
23.58000    0.557191347721
23.59000    0.558291232107
23.60000    0.559152754041
23.61000    0.559627919046
23.62000    0.559851772811
23.63000    0.559699125569
23.64000    0.559137407237
23.65000    0.558460903935
23.66000    0.557412538996
23.67000    0.556156842035
23.68000    0.554800292436
23.69000    0.553600022226
23.70000    0.552610547920
23.71000    0.551689190310
23.72000    0.549866252663
23.73000    0.546765475113
23.74000    0.542964316374
23.75000    0.539528550282
23.76000    0.536605300278
23.77000    0.534021330279
23.78000    0.531642317696
23.79000    0.529034297376
23.80000    0.526869439967
23.81000    0.525057763990
23.82000    0.523268282991
23.83000    0.521635581618
23.84000    0.519606136714
23.85000    0.516502465761
23.86000    0.513213334393
23.87000    0.509866031332
23.88000    0.506175583381
23.89000    0.502692468409
23.90000    0.499033142096
23.91000    0.495228385346
23.92000    0.491717370521
23.93000    0.488528747200
23.94000    0.485147590863
23.95000    0.481275063336
23.96000    0.477869633730
23.97000    0.474436207183
23.98000    0.470891128926
23.99000    0.467346102689
24.00000    0.463502398812
24.01000    0.458845132894
24.02000    0.453182284263
24.03000    0.446144503780
24.04000    0.438235503552
24.05000    0.429794015724
24.06000    0.420427218376
24.07000    0.409951755505
24.08000    0.399822911217
24.09000    0.391252635205
24.10000    0.384203870603
24.11000    0.378108288377
24.12000    0.371713362369
24.13000    0.363973878940
24.14000    0.355864426946
24.15000    0.347623156671
24.16000    0.338695898518
24.17000    0.329118715148
24.18000    0.319544631261
24.19000    0.309419833610
24.20000    0.298804449427
24.21000    0.287658537096
24.22000    0.275135692302
24.23000    0.261625211901
24.24000    0.247415300726
24.25000    0.232474797803
24.26000    0.216411266147
24.27000    0.199325205097
24.28000    0.181127982011
24.29000    0.162386904079
24.30000    0.143934451451
24.31000    0.125997869029
24.32000    0.108315517783
24.33000    0.090378188882
24.34000    0.073249328149
24.35000    0.053207775629
24.36000    0.030397904183
24.37000    0.008615128574
24.38000    -0.009834157761
24.39000    -0.024418590275
24.40000    -0.035449094720
24.41000    -0.043734646204
24.42000    -0.050676766137
24.43000    -0.057727107540
24.44000    -0.064930868137
24.45000    -0.072056655544
24.46000    -0.079369618945
24.47000    -0.086737174449
24.48000    -0.093939429430
24.49000    -0.100719736973
24.50000    -0.106986951856
24.51000    -0.112675632019
24.52000    -0.117673533647
24.53000    -0.122012798460
24.54000    -0.126221983065
24.55000    -0.130284351171
24.56000    -0.134451848689
24.57000    -0.138346001215
24.58000    -0.141894699524
24.59000    -0.144976515809
24.60000    -0.147543259135
24.61000    -0.149883539619
24.62000    -0.152233936906
24.63000    -0.154512372249
24.64000    -0.156758532796
24.65000    -0.159122839687
24.66000    -0.161833964558
24.67000    -0.164860801833
24.68000    -0.168269987311
24.69000    -0.172245127163
24.70000    -0.176475816003
24.71000    -0.181054031518
24.72000    -0.186224877387
24.73000    -0.191761155851
24.74000    -0.197575851260
24.75000    -0.203269059656
24.76000    -0.208490910569
24.77000    -0.213249500852
24.78000    -0.217332790178
24.79000    -0.220822280307
24.80000    -0.223659818096
24.81000    -0.225772921268
24.82000    -0.227028488930
24.83000    -0.227570474013
24.84000    -0.227427856016
24.85000    -0.227199857975
24.86000    -0.227101893016
24.87000    -0.227411182232
24.88000    -0.228131531016
24.89000    -0.228962809796
24.90000    -0.230167046801
24.91000    -0.231927418016
24.92000    -0.234311521473
24.93000    -0.237260082937
24.94000    -0.240344632444
24.95000    -0.243320606305
24.96000    -0.246084677809
24.97000    -0.248552695112
24.98000    -0.250732873841
24.99000    -0.252619674577
25.00000    -0.254165483532
25.01000    -0.255433781153
25.02000    -0.256602009783
25.03000    -0.257770029264
25.04000    -0.258708538129
25.05000    -0.259556901316
25.06000    -0.260567516487
25.07000    -0.261508056386
25.08000    -0.262334927672
25.09000    -0.262872548204
25.10000    -0.263234832829
25.11000    -0.263600706831
25.12000    -0.263746414432
25.13000    -0.263579501914
25.14000    -0.263120525031
25.15000    -0.262269729010
25.16000    -0.261125091240
25.17000    -0.259767822697
25.18000    -0.258287998374
25.19000    -0.256747808710
25.20000    -0.254929506708
25.21000    -0.252964274489
25.22000    -0.250773784896
25.23000    -0.248303611669
25.24000    -0.245778716821
25.25000    -0.243261684612
25.26000    -0.240551269779
25.27000    -0.237836644356
25.28000    -0.235234851678
25.29000    -0.232632313548
25.30000    -0.230073354883
25.31000    -0.227823821669
25.32000    -0.225881864260
25.33000    -0.224340931105
25.34000    -0.223110718712
25.35000    -0.221934647528
25.36000    -0.220907629068
25.37000    -0.219950917824
25.38000    -0.219017280302
25.39000    -0.218038617962
25.40000    -0.216678011172
25.41000    -0.214969955304
25.42000    -0.212991930767
25.43000    -0.210714149370
25.44000    -0.208500741376
25.45000    -0.206286428079
25.46000    -0.204111750158
25.47000    -0.202030673309
25.48000    -0.200122175040
25.49000    -0.198338074936
25.50000    -0.196682995096
25.51000    -0.195239184299
25.52000    -0.193962058530
25.53000    -0.192881652519
25.54000    -0.191925647459
25.55000    -0.191097408507
25.56000    -0.190418361916
25.57000    -0.189853626947
25.58000    -0.189381461746
25.59000    -0.188917437972
25.60000    -0.188650886935
25.61000    -0.188551220640
25.62000    -0.188566844914
25.63000    -0.188663632909
25.64000    -0.188779675946
25.65000    -0.188813909958
25.66000    -0.188707172377
25.67000    -0.188498294432
25.68000    -0.188306166752
25.69000    -0.188065305113
25.70000    -0.187822568521
25.71000    -0.187573533758
25.72000    -0.187091422093
25.73000    -0.186543663424
25.74000    -0.185997300736
25.75000    -0.185234318762
25.76000    -0.184614675990
25.77000    -0.184329830931
25.78000    -0.184246735682
25.79000    -0.184298912817
25.80000    -0.184457255615
25.81000    -0.184615865816
25.82000    -0.184770321986
25.83000    -0.184945797216
25.84000    -0.185113805934
25.85000    -0.185056304413
25.86000    -0.184842306124
25.87000    -0.184484053772
25.88000    -0.183938045999
25.89000    -0.183124726301
25.90000    -0.182405043585
25.91000    -0.181638341163
25.92000    -0.180856747856
25.93000    -0.180089683623
25.94000    -0.179289281332
25.95000    -0.178443545413
25.96000    -0.177576920073
25.97000    -0.176780263481
25.98000    -0.175962820973
25.99000    -0.175066427592
26.00000    -0.174049085011
26.01000    -0.172880588747
26.02000    -0.171558364963
26.03000    -0.170010117801
26.04000    -0.168238794324
26.05000    -0.166296058497
26.06000    -0.164482089948
26.07000    -0.162902042387
26.08000    -0.161678384986
26.09000    -0.160665695497
26.10000    -0.159780579717
26.11000    -0.158948024872
26.12000    -0.158113900527
26.13000    -0.157409682759
26.14000    -0.156840536280
26.15000    -0.156373950564
26.16000    -0.155950344427
26.17000    -0.155517682951
26.18000    -0.155099202505
26.19000    -0.154512432455
26.20000    -0.153822204006
26.21000    -0.153323749471
26.22000    -0.153146177454
26.23000    -0.153393206565
26.24000    -0.153970670398
26.25000    -0.154649388201
26.26000    -0.155075277985
26.27000    -0.155038076333
26.28000    -0.154681864954
26.29000    -0.154106758719
26.30000    -0.153404244878
26.31000    -0.152809468090
26.32000    -0.152006259354
26.33000    -0.150868159345
26.34000    -0.149701105987
26.35000    -0.148448260289
26.36000    -0.147132520246
26.37000    -0.145957235665
26.38000    -0.144846946067
26.39000    -0.143806632448
26.40000    -0.142759516511
26.41000    -0.141861476438
26.42000    -0.140986166212
26.43000    -0.140121219154
26.44000    -0.139318120526
26.45000    -0.138524803192
26.46000    -0.137861717351
26.47000    -0.137387769975
26.48000    -0.137056389497
26.49000    -0.136843766361
26.50000    -0.136685962058
26.51000    -0.136564504499
26.52000    -0.136594054515
26.53000    -0.136709539564
26.54000    -0.136870553076
26.55000    -0.137011309485
26.56000    -0.137092209714
26.57000    -0.137068815153
26.58000    -0.136882597354
26.59000    -0.136597929633
26.60000    -0.136309652163
26.61000    -0.135984113130
26.62000    -0.135680526338
26.63000    -0.135453228968
26.64000    -0.135214464539
26.65000    -0.134849609766
26.66000    -0.134448396718
26.67000    -0.133993916981
26.68000    -0.133579343832
26.69000    -0.133452456397
26.70000    -0.133468331670
26.71000    -0.133838067732
26.72000    -0.134406861580
26.73000    -0.135077859798
26.74000    -0.135728405008
26.75000    -0.136358362012
26.76000    -0.136814538043
26.77000    -0.136990111272
26.78000    -0.136997110495
26.79000    -0.136904848725
26.80000    -0.136623931264
26.81000    -0.136290570551
26.82000    -0.135765467835
26.83000    -0.135426549704
26.84000    -0.135100126696
26.85000    -0.134792195525
26.86000    -0.134552897806
26.87000    -0.134350866377
26.88000    -0.134188086366
26.89000    -0.134043825238
26.90000    -0.133884494483
26.91000    -0.133692067326
26.92000    -0.133511882366
26.93000    -0.133310564813
26.94000    -0.133127856100
26.95000    -0.132997659706
26.96000    -0.132947587145
26.97000    -0.132862310786
26.98000    -0.132874422566
26.99000    -0.132935879566
27.00000    -0.133167872372
27.01000    -0.133480815312
27.02000    -0.133818918324
27.03000    -0.134108042555
27.04000    -0.134446098961
27.05000    -0.134950284971
27.06000    -0.135559216177
27.07000    -0.136290006006
27.08000    -0.136956666550
27.09000    -0.137497981511
27.10000    -0.137833424292
27.11000    -0.137985519294
27.12000    -0.138023361393
27.13000    -0.137902140917
27.14000    -0.137579175092
27.15000    -0.137011122000
27.16000    -0.136346123737
27.17000    -0.135512811801
27.18000    -0.134693328143
27.19000    -0.134077452586
27.20000    -0.133599982976
27.21000    -0.133502070279
27.22000    -0.133797024231
27.23000    -0.134087169411
27.24000    -0.134280203052
27.25000    -0.134276933544
27.26000    -0.134130466341
27.27000    -0.133929869978
27.28000    -0.133610634477
27.29000    -0.133251739902
27.30000    -0.132752816857
27.31000    -0.132095583342
27.32000    -0.131610210616
27.33000    -0.131445936300
27.34000    -0.131427276935
27.35000    -0.131504954175
27.36000    -0.131724828142
27.37000    -0.131979944975
27.38000    -0.132276651088
27.39000    -0.132787629065
27.40000    -0.133613072060
27.41000    -0.134772971748
27.42000    -0.136261803659
27.43000    -0.137853258473
27.44000    -0.139517392493
27.45000    -0.141616239509
27.46000    -0.144073370209
27.47000    -0.146681676065
27.48000    -0.149239293681
27.49000    -0.151785435933
27.50000    -0.154216647376
27.51000    -0.156303031392
27.52000    -0.158143592969
27.53000    -0.159692373996
27.54000    -0.160929761213
27.55000    -0.161902025709
27.56000    -0.162692938104
27.57000    -0.163334165349
27.58000    -0.163958996204
27.59000    -0.164612552268
27.60000    -0.165217381827
27.61000    -0.165762719618
27.62000    -0.166041902187
27.63000    -0.166237810113
27.64000    -0.166430707276
27.65000    -0.166542634932
27.66000    -0.166953975128
27.67000    -0.167743317005
27.68000    -0.168928454255
27.69000    -0.170697594095
27.70000    -0.172945519333
27.71000    -0.175479356905
27.72000    -0.178335020954
27.73000    -0.181438583282
27.74000    -0.184499879899
27.75000    -0.187278816937
27.76000    -0.189760237481
27.77000    -0.191859724578
27.78000    -0.193601260120
27.79000    -0.194861257590
27.80000    -0.195836133136
27.81000    -0.196668236751
27.82000    -0.197457460122
27.83000    -0.198435071614
27.84000    -0.199644902813
27.85000    -0.201154346700
27.86000    -0.203177303180
27.87000    -0.205881667955
27.88000    -0.209000860690
27.89000    -0.211877877572
27.90000    -0.214380481275
27.91000    -0.216469112294
27.92000    -0.218171410236
27.93000    -0.219613770721
27.94000    -0.221104129258
27.95000    -0.222773800987
27.96000    -0.224726476238
27.97000    -0.227057044580
27.98000    -0.229682537842
27.99000    -0.232549579177
28.00000    -0.235612234393
28.01000    -0.238917716084
28.02000    -0.242425262878
28.03000    -0.245965842390
28.04000    -0.249460633447
28.05000    -0.253226591018
28.06000    -0.257294701260
28.07000    -0.261541943096
28.08000    -0.265562518832
28.09000    -0.269050918053
28.10000    -0.271568576380
28.11000    -0.273363926679
28.12000    -0.274780573635
28.13000    -0.276860771241
28.14000    -0.279891473027
28.15000    -0.283752751907
28.16000    -0.288181394338
28.17000    -0.292677565012
28.18000    -0.296880575729
28.19000    -0.300788037936
28.20000    -0.304668839504
28.21000    -0.308384162250
28.22000    -0.311989995950
28.23000    -0.315374002114
28.24000    -0.318270621198
28.25000    -0.319711593035
28.26000    -0.319812548513
28.27000    -0.319482727433
28.28000    -0.320047530311
28.29000    -0.321387289410
28.30000    -0.323472760988
28.31000    -0.326692853675
28.32000    -0.330562843300
28.33000    -0.334628221244
28.34000    -0.338645109118
28.35000    -0.342065147529
28.36000    -0.344654854646
28.37000    -0.346617345909
28.38000    -0.349009507149
28.39000    -0.351344301941
28.40000    -0.353745269473
28.41000    -0.355962203806
28.42000    -0.357966708951
28.43000    -0.359852378986
28.44000    -0.361611871345
28.45000    -0.363443635843
28.46000    -0.365049166726
28.47000    -0.366429003415
28.48000    -0.367631445610
28.49000    -0.368896505403
28.50000    -0.370432625561
28.51000    -0.372246129628
28.52000    -0.374417477657
28.53000    -0.377023987533
28.54000    -0.379625646508
28.55000    -0.382079717658
28.56000    -0.384457825591
28.57000    -0.386648718159
28.58000    -0.388750930433
28.59000    -0.390942070935
28.60000    -0.393676901598
28.61000    -0.397149286496
28.62000    -0.400631573886
28.63000    -0.403559538973
28.64000    -0.406160977969
28.65000    -0.408474239488
28.66000    -0.410320867234
28.67000    -0.411456026849
28.68000    -0.412013816079
28.69000    -0.411861937477
28.70000    -0.411578487362
28.71000    -0.411355745123
28.72000    -0.411074965467
28.73000    -0.410865272279
28.74000    -0.410732418726
28.75000    -0.410673113427
28.76000    -0.410788182215
28.77000    -0.411053121965
28.78000    -0.411574174624
28.79000    -0.412251597987
28.80000    -0.413055687598
28.81000    -0.414267342003
28.82000    -0.415808377918
28.83000    -0.417760337902
28.84000    -0.419910642322
28.85000    -0.422139611144
28.86000    -0.424719429965
28.87000    -0.427545929152
28.88000    -0.430385332768
28.89000    -0.432936846016
28.90000    -0.435269312668
28.91000    -0.437688774200
28.92000    -0.440176194755
28.93000    -0.442664754055
28.94000    -0.444662703199
28.95000    -0.445938789892
28.96000    -0.446609560637
28.97000    -0.447131470998
28.98000    -0.447698357296
28.99000    -0.448205943873
29.00000    -0.448558781441
29.01000    -0.448998102024
29.02000    -0.449579394927
29.03000    -0.450401976462
29.04000    -0.451674998181
29.05000    -0.452980973427
29.06000    -0.454256358023
29.07000    -0.455400743419
29.08000    -0.456137717328
29.09000    -0.456527568617
29.10000    -0.457105745389
29.11000    -0.458130084974
29.12000    -0.459428942898
29.13000    -0.460455226854
29.14000    -0.461342657634
29.15000    -0.461501321737
29.16000    -0.461018948912
29.17000    -0.460559876182
29.18000    -0.460525816348
29.19000    -0.460726376741
29.20000    -0.460835053482
29.21000    -0.460814902614
29.22000    -0.460777880310
29.23000    -0.460856179759
29.24000    -0.460866776036
29.25000    -0.460856705741
29.26000    -0.460847858271
29.27000    -0.460814324601
29.28000    -0.460805877346
29.29000    -0.460448880996
29.30000    -0.459443159633
29.31000    -0.457102275360
29.32000    -0.454120852653
29.33000    -0.451406549071
29.34000    -0.448891012572
29.35000    -0.446287199103
29.36000    -0.443824353088
29.37000    -0.441532357256
29.38000    -0.439323417399
29.39000    -0.436655704272
29.40000    -0.433678778086
29.41000    -0.430689185866
29.42000    -0.427887994315
29.43000    -0.425658507775
29.44000    -0.423917269503
29.45000    -0.422227540240
29.46000    -0.420499152992
29.47000    -0.418732677483
29.48000    -0.416754699934
29.49000    -0.414527610362
29.50000    -0.411671425756
29.51000    -0.408255450132
29.52000    -0.404668905403
29.53000    -0.400966468761
29.54000    -0.397537002194
29.55000    -0.393994098324
29.56000    -0.390137712852
29.57000    -0.385640802394
29.58000    -0.380552853488
29.59000    -0.375525903713
29.60000    -0.370826100086
29.61000    -0.366220224852
29.62000    -0.361549130692
29.63000    -0.356574301692
29.64000    -0.351687367679
29.65000    -0.346755694763
29.66000    -0.341533745010
29.67000    -0.335853146833
29.68000    -0.329745261199
29.69000    -0.323435131172
29.70000    -0.317066889382
29.71000    -0.310810658450
29.72000    -0.304719193040
29.73000    -0.298611822933
29.74000    -0.292443215787
29.75000    -0.286354477194
29.76000    -0.280381884012
29.77000    -0.274714760773
29.78000    -0.269692744639
29.79000    -0.264653283495
29.80000    -0.259483647744
29.81000    -0.254044510482
29.82000    -0.248185444553
29.83000    -0.242341316154
29.84000    -0.236593981362
29.85000    -0.231084990240
29.86000    -0.225290012820
29.87000    -0.218839179599
29.88000    -0.211945853788
29.89000    -0.204911498271
29.90000    -0.197777921103
29.91000    -0.190495941076
29.92000    -0.182858361446
29.93000    -0.174969112883
29.94000    -0.166639770953
29.95000    -0.157835205159
29.96000    -0.148602277307
29.97000    -0.139409858501
29.98000    -0.129931098146
29.99000    -0.120208085069
30.00000    -0.110169239228
30.01000    -0.099936555262
30.02000    -0.089511355352
30.03000    -0.078911007474
30.04000    -0.068251412919
30.05000    -0.057432203374
30.06000    -0.046840917621
30.07000    -0.036666675244
30.08000    -0.026685956894
30.09000    -0.016902672480
30.10000    -0.006961197919
30.11000    0.003187177833
30.12000    0.012974284072
30.13000    0.022495790170
30.14000    0.031694392342
30.15000    0.040667682284
30.16000    0.049351230247
30.17000    0.058131227249
30.18000    0.067395427495
30.19000    0.076648847745
30.20000    0.086275768445
30.21000    0.095959131966
30.22000    0.106361413678
30.23000    0.117346596966
30.24000    0.127775486488
30.25000    0.137051087671
30.26000    0.145726469955
30.27000    0.154275426020
30.28000    0.162894673879
30.29000    0.171451200708
30.30000    0.180248819624
30.31000    0.189348426017
30.32000    0.197653521299
30.33000    0.205548494730
30.34000    0.213005321760
30.35000    0.220291279777
30.36000    0.228069359213
30.37000    0.235792361147
30.38000    0.243145212530
30.39000    0.250313895169
30.40000    0.257456218356
30.41000    0.264375198825
30.42000    0.271258873495
30.43000    0.278538913788
30.44000    0.285593061942
30.45000    0.292582994357
30.46000    0.299611383612
30.47000    0.306708019009
30.48000    0.313647453920
30.49000    0.320358472622
30.50000    0.326758208507
30.51000    0.333207704638
30.52000    0.339784554834
30.53000    0.346199564605
30.54000    0.352372529055
30.55000    0.358703091371
30.56000    0.364888198958
30.57000    0.371223251251
30.58000    0.377630759553
30.59000    0.384158558170
30.60000    0.390552120728
30.61000    0.396715846043
30.62000    0.402637536466
30.63000    0.407896045974
30.64000    0.412999435112
30.65000    0.418499587099
30.66000    0.424445235107
30.67000    0.430216219469
30.68000    0.435649929080
30.69000    0.440989962757
30.70000    0.445721978838
30.71000    0.449934647026
30.72000    0.454120453992
30.73000    0.457706337667
30.74000    0.461508598168
30.75000    0.465941047770
30.76000    0.469972380347
30.77000    0.473674658788
30.78000    0.477425405934
30.79000    0.481276746567
30.80000    0.485420019923
30.81000    0.489405023086
30.82000    0.493054067218
30.83000    0.496477618305
30.84000    0.499759164632
30.85000    0.502686735478
30.86000    0.505341137916
30.87000    0.507880376409
30.88000    0.510446466632
30.89000    0.512665890859
30.90000    0.514647987923
30.91000    0.516992466111
30.92000    0.519580715059
30.93000    0.521886675222
30.94000    0.524277811508
30.95000    0.526773010950
30.96000    0.529352462244
30.97000    0.532038157364
30.98000    0.534463242206
30.99000    0.536650823780
31.00000    0.538903412514
31.01000    0.541286239239
31.02000    0.543886810804
31.03000    0.546567610365
31.04000    0.549276877482
31.05000    0.551947426753
31.06000    0.554413367488
31.07000    0.556528468356
31.08000    0.558516340743
31.09000    0.560782531427
31.10000    0.563259531172
31.11000    0.565546195707
31.12000    0.567881237727
31.13000    0.570746867207
31.14000    0.574005665975
31.15000    0.576951212882
31.16000    0.579469494809
31.17000    0.581833968675
31.18000    0.583927367696
31.19000    0.585910742186
31.20000    0.587659862606
31.21000    0.589446716356
31.22000    0.591079267219
31.23000    0.592628442728
31.24000    0.594062821216
31.25000    0.595398418626
31.26000    0.596861691165
31.27000    0.598189821836
31.28000    0.599296610778
31.29000    0.600646773354
31.30000    0.601790182801
31.31000    0.602726459811
31.32000    0.603232040628
31.33000    0.603353744809
31.34000    0.603247797966
31.35000    0.602872825166
31.36000    0.602147795788
31.37000    0.601186058402
31.38000    0.600356614909
31.39000    0.599505571716
31.40000    0.598513571356
31.41000    0.596933913632
31.42000    0.594996267934
31.43000    0.592801435462
31.44000    0.590542673658
31.45000    0.588004279099
31.46000    0.585150227520
31.47000    0.582357697942
31.48000    0.579689234751
31.49000    0.576999916388
31.50000    0.574561713471
31.51000    0.572005075095
31.52000    0.569465304176
31.53000    0.566801345045
31.54000    0.563864107505
31.55000    0.560849490301
31.56000    0.557893635341
31.57000    0.555275659580
31.58000    0.552977973185
31.59000    0.550247752044
31.60000    0.547065748502
31.61000    0.543867232768
31.62000    0.540530786239
31.63000    0.537147081618
31.64000    0.533555801617
31.65000    0.529711563186
31.66000    0.525512364662
31.67000    0.521173201902
31.68000    0.516973106526
31.69000    0.512921094600
31.70000    0.508863051024
31.71000    0.504675307179
31.72000    0.500256810568
31.73000    0.494926244878
31.74000    0.488757979249
31.75000    0.481768088559
31.76000    0.475648990086
31.77000    0.470953314608
31.78000    0.465685899519
31.79000    0.459249164873
31.80000    0.452369808775
31.81000    0.446615636020
31.82000    0.441456967571
31.83000    0.435803273909
31.84000    0.429941479536
31.85000    0.423856550595
31.86000    0.418139596122
31.87000    0.412913715340
31.88000    0.407852119257
31.89000    0.402469360099
31.90000    0.396764060923
31.91000    0.390699510551
31.92000    0.384349909542
31.93000    0.377813003864
31.94000    0.370322543403
31.95000    0.361369297578
31.96000    0.350451084459
31.97000    0.336980615342
31.98000    0.321987629815
31.99000    0.307501509783
32.00000    0.294914731272
32.01000    0.284882947511
32.02000    0.276133683314
32.03000    0.267022217548
32.04000    0.256570413474
32.05000    0.245286077087
32.06000    0.233620880092
32.07000    0.222233533580
32.08000    0.210987900810
32.09000    0.200139496081
32.10000    0.189465115837
32.11000    0.178046382307
32.12000    0.166240834068
32.13000    0.154500554146
32.14000    0.143257839514
32.15000    0.132157110616
32.16000    0.120963697719
32.17000    0.108592773540
32.18000    0.094753893373
32.19000    0.079499890399
32.20000    0.062950018339
32.21000    0.045514726836
32.22000    0.026818909890
32.23000    0.007993101126
32.24000    -0.010153294919
32.25000    -0.027938862529
32.26000    -0.045011536316
32.27000    -0.061395579717
32.28000    -0.076502941849
32.29000    -0.090477239658
32.30000    -0.103362972659
32.31000    -0.115698255473
32.32000    -0.127460276633
32.33000    -0.139010203530
32.34000    -0.150855351808
32.35000    -0.162841773404
32.36000    -0.174924334189
32.37000    -0.187088679133
32.38000    -0.198736944130
32.39000    -0.209578163726
32.40000    -0.219690620102
32.41000    -0.229626163724
32.42000    -0.239173794481
32.43000    -0.247637255042
32.44000    -0.254725203739
32.45000    -0.259971065236
32.46000    -0.264069142040
32.47000    -0.267761793259
32.48000    -0.271364314784
32.49000    -0.274931178231
32.50000    -0.278499480421
32.51000    -0.281878271498
32.52000    -0.284991127239
32.53000    -0.288048812861
32.54000    -0.291383946915
32.55000    -0.294916400655
32.56000    -0.298647782488
32.57000    -0.302587539287
32.58000    -0.306498890640
32.59000    -0.310286003907
32.60000    -0.314324173610
32.61000    -0.318495570611
32.62000    -0.322946024541
32.63000    -0.327293498862
32.64000    -0.331484380602
32.65000    -0.335603706465
32.66000    -0.339779860716
32.67000    -0.343950848751
32.68000    -0.347822038910
32.69000    -0.351521039427
32.70000    -0.355256765287
32.71000    -0.358784215478
32.72000    -0.362186283550
32.73000    -0.365589121379
32.74000    -0.368845652903
32.75000    -0.371825914827
32.76000    -0.374801315084
32.77000    -0.377842103910
32.78000    -0.380849749172
32.79000    -0.383731697557
32.80000    -0.386254064277
32.81000    -0.388231775048
32.82000    -0.390498134519
32.83000    -0.393271361605
32.84000    -0.395814854079
32.85000    -0.397976649195
32.86000    -0.399687803867
32.87000    -0.401130926892
32.88000    -0.402753216729
32.89000    -0.404521616006
32.90000    -0.406052156075
32.91000    -0.407509329422
32.92000    -0.409121236333
32.93000    -0.410874502811
32.94000    -0.412547128966
32.95000    -0.413730332395
32.96000    -0.414433375251
32.97000    -0.415114000751
32.98000    -0.416308878616
32.99000    -0.417936578211
33.00000    -0.420069662639
33.01000    -0.422184648855
33.02000    -0.423962849010
33.03000    -0.425410995309
33.04000    -0.426789434026
33.05000    -0.428398071118
33.06000    -0.430173502759
33.07000    -0.431816787906
33.08000    -0.433153242944
33.09000    -0.434010380943
33.10000    -0.434703742931
33.11000    -0.435463807750
33.12000    -0.436117696066
33.13000    -0.436683857089
33.14000    -0.437273084252
33.15000    -0.437991264485
33.16000    -0.438734041742
33.17000    -0.439296971425
33.18000    -0.439643980499
33.19000    -0.439835506556
33.20000    -0.439832828247
33.21000    -0.439622866783
33.22000    -0.439244731286
33.23000    -0.438814578548
33.24000    -0.438377624344
33.25000    -0.438114342472
33.26000    -0.437973410112
33.27000    -0.438049987702
33.28000    -0.438163271769
33.29000    -0.438422376324
33.30000    -0.438753286006
33.31000    -0.438859094627
33.32000    -0.438793509883
33.33000    -0.438631484839
33.34000    -0.438396693166
33.35000    -0.438141899754
33.36000    -0.437851207838
33.37000    -0.437630781330
33.38000    -0.437340664695
33.39000    -0.437018623042
33.40000    -0.436967566146
33.41000    -0.437064146674
33.42000    -0.437400949598
33.43000    -0.437600681006
33.44000    -0.437751249062
33.45000    -0.437845440138
33.46000    -0.437824543744
33.47000    -0.437614005527
33.48000    -0.437417338301
33.49000    -0.437292366421
33.50000    -0.437129162036
33.51000    -0.436805848532
33.52000    -0.436131646752
33.53000    -0.434960896268
33.54000    -0.432716524343
33.55000    -0.429397095874
33.56000    -0.425298605535
33.57000    -0.420912912503
33.58000    -0.416841861620
33.59000    -0.413159977797
33.60000    -0.409928307989
33.61000    -0.407319531977
33.62000    -0.405061696768
33.63000    -0.403016092880
33.64000    -0.401252269074
33.65000    -0.399481378995
33.66000    -0.397826043491
33.67000    -0.396246117444
33.68000    -0.394684609608
33.69000    -0.393124701619
33.70000    -0.391789154805
33.71000    -0.390389444142
33.72000    -0.388888695762
33.73000    -0.387289156447
33.74000    -0.385371798160
33.75000    -0.383173189459
33.76000    -0.380703817257
33.77000    -0.378236147830
33.78000    -0.375949917235
33.79000    -0.373734601641
33.80000    -0.371429076805
33.81000    -0.368953035840
33.82000    -0.366299579829
33.83000    -0.363506334325
33.84000    -0.360629147516
33.85000    -0.357830155873
33.86000    -0.355084364620
33.87000    -0.352459703248
33.88000    -0.350034626024
33.89000    -0.347751036993
33.90000    -0.345567377194
33.91000    -0.343300215271
33.92000    -0.341050948903
33.93000    -0.338850114976
33.94000    -0.336589562573
33.95000    -0.334513641886
33.96000    -0.332647105217
33.97000    -0.330739419036
33.98000    -0.328956891725
33.99000    -0.327086255560
34.00000    -0.325016578779
34.01000    -0.322758763090
34.02000    -0.320291399324
34.03000    -0.317900621603
34.04000    -0.315547223340
34.05000    -0.313249089026
34.06000    -0.311055131790
34.07000    -0.308931234934
34.08000    -0.306644697163
34.09000    -0.304126203345
34.10000    -0.301384129406
34.11000    -0.298408827746
34.12000    -0.295229746996
34.13000    -0.291784195525
34.14000    -0.288346068505
34.15000    -0.284515755664
34.16000    -0.280282300106
34.17000    -0.275790838727
34.18000    -0.271079249019
34.19000    -0.266316374609
34.20000    -0.261649078589
34.21000    -0.257152269664
34.22000    -0.252476907046
34.23000    -0.247842009433
34.24000    -0.243315613851
34.25000    -0.238662749965
34.26000    -0.233871674866
34.27000    -0.229110780663
34.28000    -0.224347069759
34.29000    -0.219667573393
34.30000    -0.215364768049
34.31000    -0.211432211180
34.32000    -0.207611290691
34.33000    -0.203741153784
34.34000    -0.199980086083
34.35000    -0.195900117025
34.36000    -0.191666168425
34.37000    -0.187534670417
34.38000    -0.183060038728
34.39000    -0.177896540299
34.40000    -0.172357530191
34.41000    -0.166603807762
34.42000    -0.160482684346
34.43000    -0.153923134362
34.44000    -0.147111739454
34.45000    -0.139995993841
34.46000    -0.132577756194
34.47000    -0.124978797511
34.48000    -0.117282318635
34.49000    -0.109534515902
34.50000    -0.101886642385
34.51000    -0.093941227096
34.52000    -0.085845104474
34.53000    -0.077545070877
34.54000    -0.068730204965
34.55000    -0.059482579940
34.56000    -0.050081078926
34.57000    -0.040861554769
34.58000    -0.031396960522
34.59000    -0.021236230397
34.60000    -0.010655095786
34.61000    -0.000056262031
34.62000    0.010827826550
34.63000    0.021458605365
34.64000    0.031910998983
34.65000    0.042414396023
34.66000    0.052762479690
34.67000    0.063105589731
34.68000    0.073529251297
34.69000    0.083653180224
34.70000    0.092740424112
34.71000    0.100412056945
34.72000    0.106353915176
34.73000    0.111549809701
34.74000    0.116652638430
34.75000    0.121435975714
34.76000    0.126547946281
34.77000    0.131947494874
34.78000    0.137348877118
34.79000    0.142556760977
34.80000    0.147701936553
34.81000    0.153990592162
34.82000    0.162043653364
34.83000    0.171757889291
34.84000    0.182602892392
34.85000    0.193570720157
34.86000    0.204414789339
34.87000    0.214835684632
34.88000    0.225405368700
34.89000    0.236158950136
34.90000    0.246793416475
34.91000    0.256883001972
34.92000    0.265809711405
34.93000    0.273685295033
34.94000    0.281150188241
34.95000    0.288647852711
34.96000    0.296267745767
34.97000    0.303824418371
34.98000    0.310474740652
34.99000    0.317176191442
35.00000    0.324208187313
35.01000    0.331425843615
35.02000    0.338765196047
35.03000    0.345798971548
35.04000    0.352423330636
35.05000    0.358328393036
35.06000    0.363730800626
35.07000    0.369135658670
35.08000    0.374200379368
35.09000    0.378922865649
35.10000    0.383324609275
35.11000    0.387807526934
35.12000    0.392660388150
35.13000    0.397527538868
35.14000    0.402624471220
35.15000    0.408005063037
35.16000    0.412690570769
35.17000    0.416855234850
35.18000    0.420920451147
35.19000    0.424866126855
35.20000    0.429286935424
35.21000    0.433902095575
35.22000    0.438559387477
35.23000    0.443291705278
35.24000    0.447844267808
35.25000    0.452307624660
35.26000    0.457186597511
35.27000    0.462516695225
35.28000    0.468133599251
35.29000    0.473497668745
35.30000    0.478513409030
35.31000    0.482730113938
35.32000    0.486295121185
35.33000    0.489341944723
35.34000    0.491949568869
35.35000    0.494005076723
35.36000    0.495884303867
35.37000    0.498508361181
35.38000    0.502196093325
35.39000    0.506469787521
35.40000    0.510989071875
35.41000    0.515614400653
35.42000    0.519506556135
35.43000    0.522433683584
35.44000    0.524783159494
35.45000    0.526543966174
35.46000    0.527956076982
35.47000    0.529148578699
35.48000    0.530168983856
35.49000    0.530987987790
35.50000    0.531900808941
35.51000    0.532802936796
35.52000    0.533831377014
35.53000    0.535212207531
35.54000    0.536816147826
35.55000    0.538443292384
35.56000    0.540129473348
35.57000    0.541788264680
35.58000    0.543160612681
35.59000    0.544237570607
35.60000    0.544883449539
35.61000    0.545166629595
35.62000    0.545073640175
35.63000    0.545016326156
35.64000    0.545538645807
35.65000    0.546741356702
35.66000    0.548275350176
35.67000    0.549858523388
35.68000    0.550976214380
35.69000    0.552038638543
35.70000    0.553148907081
35.71000    0.553672228081
35.72000    0.553620247834
35.73000    0.552921353263
35.74000    0.551277731524
35.75000    0.548700307747
35.76000    0.545106971822
35.77000    0.540418714228
35.78000    0.535963839592
35.79000    0.532096615275
35.80000    0.528520176974
35.81000    0.524776119520
35.82000    0.520579677913
35.83000    0.516545326096
35.84000    0.513022005789
35.85000    0.510251495903
35.86000    0.507459211299
35.87000    0.504380183403
35.88000    0.501286006039
35.89000    0.498332208844
35.90000    0.495607356977
35.91000    0.493007168924
35.92000    0.490974192470
35.93000    0.489460976797
35.94000    0.488059874562
35.95000    0.486464487497
35.96000    0.484679111647
35.97000    0.482780856374
35.98000    0.480850955323
35.99000    0.479006234174
36.00000    0.477022490716
36.01000    0.474762286899
36.02000    0.472302264817
36.03000    0.469690374080
36.04000    0.467041499050
36.05000    0.464032766870
36.06000    0.460391860368
36.07000    0.456261984941
36.08000    0.452146492253
36.09000    0.448451337743
36.10000    0.445322708379
36.11000    0.441576691056
36.12000    0.435855681727
36.13000    0.426765341022
36.14000    0.415111776838
36.15000    0.403208845132
36.16000    0.392727294162
36.17000    0.383527432811
36.18000    0.374837963860
36.19000    0.366156578157
36.20000    0.357390174225
36.21000    0.348720195381
36.22000    0.339243123857
36.23000    0.329531839101
36.24000    0.319675407740
36.25000    0.309524019048
36.26000    0.299413611289
36.27000    0.289444134494
36.28000    0.279638377268
36.29000    0.269921784394
36.30000    0.259767535050
36.31000    0.249175016788
36.32000    0.238454292770
36.33000    0.227901457109
36.34000    0.218170158557
36.35000    0.209011072479
36.36000    0.199723734853
36.37000    0.189421750500
36.38000    0.178471738929
36.39000    0.167780057552
36.40000    0.158338027988
36.41000    0.149449025668
36.42000    0.140179677508
36.43000    0.131212061132
36.44000    0.122692378688
36.45000    0.114760746660
36.46000    0.107046770716
36.47000    0.099644492548
36.48000    0.091581316798
36.49000    0.082832190994
36.50000    0.073485834470
36.51000    0.063779560601
36.52000    0.053697535454
36.53000    0.043725137791
36.54000    0.033418711249
36.55000    0.021848804753
36.56000    0.009262894712
36.57000    -0.003082019642
36.58000    -0.014657667445
36.59000    -0.026037496113
36.60000    -0.037301692993
36.61000    -0.048177985192
36.62000    -0.060357971726
36.63000    -0.073087171871
36.64000    -0.083224176399
36.65000    -0.090623172262
36.66000    -0.096974991656
36.67000    -0.103924005774
36.68000    -0.111116784211
36.69000    -0.117850535364
36.70000    -0.124852373948
36.71000    -0.132493910970
36.72000    -0.140502979827
36.73000    -0.148601978508
36.74000    -0.155962930338
36.75000    -0.163105030848
36.76000    -0.170334533088
36.77000    -0.177764048951
36.78000    -0.185507516814
36.79000    -0.193546368080
36.80000    -0.201612064642
36.81000    -0.209974921887
36.82000    -0.219159769471
36.83000    -0.228255146328
36.84000    -0.237347040363
36.85000    -0.246553101240
36.86000    -0.256500332069
36.87000    -0.267431752421
36.88000    -0.278358097932
36.89000    -0.288358095924
36.90000    -0.297523261103
36.91000    -0.305594119760
36.92000    -0.312844660320
36.93000    -0.318856532345
36.94000    -0.323776689767
36.95000    -0.327787920731
36.96000    -0.331022594071
36.97000    -0.334065626200
36.98000    -0.336731255006
36.99000    -0.339000291641
37.00000    -0.340980870011
37.01000    -0.342993822835
37.02000    -0.345140030196
37.03000    -0.347736526482
37.04000    -0.350755221852
37.05000    -0.354036108910
37.06000    -0.356887874267
37.07000    -0.359225151602
37.08000    -0.361193785313
37.09000    -0.363104350694
37.10000    -0.364953296174
37.11000    -0.366824337550
37.12000    -0.368468302312
37.13000    -0.370541434463
37.14000    -0.372502706190
37.15000    -0.374411626526
37.16000    -0.376570419799
37.17000    -0.378950745787
37.18000    -0.381472562268
37.19000    -0.383927009636
37.20000    -0.386128372314
37.21000    -0.388127603324
37.22000    -0.390190759817
37.23000    -0.392785009386
37.24000    -0.395814040308
37.25000    -0.399037425272
37.26000    -0.402119478950
37.27000    -0.404797123157
37.28000    -0.407510029006
37.29000    -0.410379028544
37.30000    -0.413276896150
37.31000    -0.415828899164
37.32000    -0.417492117735
37.33000    -0.418091406226
37.34000    -0.417498023673
37.35000    -0.416354358873
37.36000    -0.416301986747
37.37000    -0.416604024359
37.38000    -0.417100220612
37.39000    -0.417436444796
37.40000    -0.417618255807
37.41000    -0.417678674444
37.42000    -0.417889056466
37.43000    -0.418539999705
37.44000    -0.419952199057
37.45000    -0.421727788623
37.46000    -0.423431930089
37.47000    -0.424694436665
37.48000    -0.425875381292
37.49000    -0.427483779255
37.50000    -0.429841843671
37.51000    -0.432901635214
37.52000    -0.436016801050
37.53000    -0.438715392907
37.54000    -0.441105916164
37.55000    -0.443361786696
37.56000    -0.445523530260
37.57000    -0.447731655945
37.58000    -0.449429937955
37.59000    -0.450865723294
37.60000    -0.452453329594
37.61000    -0.454260416891
37.62000    -0.455732328412
37.63000    -0.456853777506
37.64000    -0.457675432996
37.65000    -0.458492683178
37.66000    -0.459489776617
37.67000    -0.460270567558
37.68000    -0.460799820937
37.69000    -0.461758554787
37.70000    -0.462326884999
37.71000    -0.462504903042
37.72000    -0.462886569228
37.73000    -0.463170708660
37.74000    -0.463779681175
37.75000    -0.464370198708
37.76000    -0.464716390160
37.77000    -0.464542172397
37.78000    -0.464716145250
37.79000    -0.464768945566
37.80000    -0.464560418448
37.81000    -0.464335161615
37.82000    -0.464254238259
37.83000    -0.464241499391
37.84000    -0.464233751617
37.85000    -0.464266655584
37.86000    -0.464238332838
37.87000    -0.464466017509
37.88000    -0.464705839616
37.89000    -0.464568835089
37.90000    -0.464193950086
37.91000    -0.463641961472
37.92000    -0.462901881675
37.93000    -0.461875776782
37.94000    -0.460491929209
37.95000    -0.458607906001
37.96000    -0.456312533879
37.97000    -0.453646115802
37.98000    -0.451384215813
37.99000    -0.449788259807
38.00000    -0.449225634434
38.01000    -0.448946102991
38.02000    -0.448682873166
38.03000    -0.448258432046
38.04000    -0.447684504647
38.05000    -0.446575666856
38.06000    -0.444575304044
38.07000    -0.441618525615
38.08000    -0.438422939456
38.09000    -0.435203307703
38.10000    -0.431857828439
38.11000    -0.428678652695
38.12000    -0.425717985635
38.13000    -0.422801939133
38.14000    -0.419709399215
38.15000    -0.416703951763
38.16000    -0.413632686747
38.17000    -0.410121969451
38.18000    -0.406286947555
38.19000    -0.402074785414
38.20000    -0.397839408672
38.21000    -0.393536098415
38.22000    -0.389611073093
38.23000    -0.385722433742
38.24000    -0.381563018186
38.25000    -0.376874510449
38.26000    -0.371601898740
38.27000    -0.366334059492
38.28000    -0.360634145883
38.29000    -0.354653354922
38.30000    -0.348559241515
38.31000    -0.342721492100
38.32000    -0.337273255649
38.33000    -0.332107551957
38.34000    -0.327140186026
38.35000    -0.321869182118
38.36000    -0.316058343979
38.37000    -0.310028686219
38.38000    -0.303716386253
38.39000    -0.297290782740
38.40000    -0.290363888902
38.41000    -0.282744910406
38.42000    -0.274620151760
38.43000    -0.266449525924
38.44000    -0.258248899395
38.45000    -0.249630233902
38.46000    -0.240679470112
38.47000    -0.231730543545
38.48000    -0.222538760956
38.49000    -0.213672661461
38.50000    -0.204962160132
38.51000    -0.195999908486
38.52000    -0.186120767159
38.53000    -0.175342060221
38.54000    -0.164223333726
38.55000    -0.153111256482
38.56000    -0.142380811769
38.57000    -0.132419950949
38.58000    -0.123623933097
38.59000    -0.115678523350
38.60000    -0.107973236979
38.61000    -0.100311811809
38.62000    -0.092316376407
38.63000    -0.084716582148
38.64000    -0.076882300475
38.65000    -0.068676629776
38.66000    -0.059798491581
38.67000    -0.050495497545
38.68000    -0.040485355176
38.69000    -0.029995307280
38.70000    -0.019345131123
38.71000    -0.009118364465
38.72000    0.000773685278
38.73000    0.010912573960
38.74000    0.021739519571
38.75000    0.031941305935
38.76000    0.041447388812
38.77000    0.050585826621
38.78000    0.059694966740
38.79000    0.068352634344
38.80000    0.076882706232
38.81000    0.086101247761
38.82000    0.095434982750
38.83000    0.104875124261
38.84000    0.114494664272
38.85000    0.124390483387
38.86000    0.134402283675
38.87000    0.144601004485
38.88000    0.154835151768
38.89000    0.164227467022
38.90000    0.173198195509
38.91000    0.182293935066
38.92000    0.191118837631
38.93000    0.199528690201
38.94000    0.207955325980
38.95000    0.216440638079
38.96000    0.224949614652
38.97000    0.234176127920
38.98000    0.244327373275
38.99000    0.255198809930
39.00000    0.266773049881
39.01000    0.278877963354
39.02000    0.291092965295
39.03000    0.303047393392
39.04000    0.314317506477
39.05000    0.325068171623
39.06000    0.335603914529
39.07000    0.345331407828
39.08000    0.354494918474
39.09000    0.363050122487
39.10000    0.370950411819
39.11000    0.378452598583
39.12000    0.385542511199
39.13000    0.391796708434
39.14000    0.397139192154
39.15000    0.402108291522
39.16000    0.407033887124
39.17000    0.412032973286
39.18000    0.416717855075
39.19000    0.421837422343
39.20000    0.427112201540
39.21000    0.432132311638
39.22000    0.436580933799
39.23000    0.440939584765
39.24000    0.445006308097
39.25000    0.448755874634
39.26000    0.452316563869
39.27000    0.455925284005
39.28000    0.459853054822
39.29000    0.463990979438
39.30000    0.467993597703
39.31000    0.471787304378
39.32000    0.475520927081
39.33000    0.479126937422
39.34000    0.482391090116
39.35000    0.484939446713
39.36000    0.486918672812
39.37000    0.488754326570
39.38000    0.490770756419
39.39000    0.493125109364
39.40000    0.495359550870
39.41000    0.497968515257
39.42000    0.500906789343
39.43000    0.503955732244
39.44000    0.506797882877
39.45000    0.509255668766
39.46000    0.511563802650
39.47000    0.513543352677
39.48000    0.515363971966
39.49000    0.517157015758
39.50000    0.518810370060
39.51000    0.520503995121
39.52000    0.522495288908
39.53000    0.524540050688
39.54000    0.526512098130
39.55000    0.528447329260
39.56000    0.530425939467
39.57000    0.532188748862
39.58000    0.533703432330
39.59000    0.534906271413
39.60000    0.535600424586
39.61000    0.535841117167
39.62000    0.535797709629
39.63000    0.535282064889
39.64000    0.534500078588
39.65000    0.533940996794
39.66000    0.533740311970
39.67000    0.533806561518
39.68000    0.533781358651
39.69000    0.533254113312
39.70000    0.532565018939
39.71000    0.531785976109
39.72000    0.530787942918
39.73000    0.529623638735
39.74000    0.528403196004
39.75000    0.527305554140
39.76000    0.526386694822
39.77000    0.525714168833
39.78000    0.524906026063
39.79000    0.523855604328
39.80000    0.523015617259
39.81000    0.522271281764
39.82000    0.521439790621
39.83000    0.520588254481
39.84000    0.519269419566
39.85000    0.517500847871
39.86000    0.514964035892
39.87000    0.511341146011
39.88000    0.506992378882
39.89000    0.501882884826
39.90000    0.496416414068
39.91000    0.490909214276
39.92000    0.485013374182
39.93000    0.478647135727
39.94000    0.471978011183
39.95000    0.465206608917
39.96000    0.458578144323
39.97000    0.452127275424
39.98000    0.445567300598
39.99000    0.438440599377
40.00000    0.431571721878
40.01000    0.425413396690
40.02000    0.419036112461
40.03000    0.411973523359
40.04000    0.404969769283
40.05000    0.397814184276
40.06000    0.390254627659
40.07000    0.382083162028
40.08000    0.372639096539
40.09000    0.361874052305
40.10000    0.348741907562
40.11000    0.333226001803
40.12000    0.317360824041
40.13000    0.303336544354
40.14000    0.292354880636
40.15000    0.283762464424
40.16000    0.275548614273
40.17000    0.266706954471
40.18000    0.257609487404
40.19000    0.248780248008
40.20000    0.239730455249
40.21000    0.230616699815
40.22000    0.221499108493
40.23000    0.212116853473
40.24000    0.203120632122
40.25000    0.194754491011
40.26000    0.186866885628
40.27000    0.179695103266
40.28000    0.173445171899
40.29000    0.167530862712
40.30000    0.161592160670
40.31000    0.155268381075
40.32000    0.148473911154
40.33000    0.140974359698
40.34000    0.132924824118
40.35000    0.124386689504
40.36000    0.115281048535
40.37000    0.104640435188
40.38000    0.093045043330
40.39000    0.081480117197
40.40000    0.070402478958
40.41000    0.059824849676
40.42000    0.049603171471
40.43000    0.039253004560
40.44000    0.027840196284
40.45000    0.016064566188
40.46000    0.005597953955
40.47000    -0.003022713544
40.48000    -0.010239652030
40.49000    -0.016799743074
40.50000    -0.023569443720
40.51000    -0.031003627285
40.52000    -0.038566306090
40.53000    -0.046053003922
40.54000    -0.053140883565
40.55000    -0.060226909404
40.56000    -0.067476024562
40.57000    -0.074937414384
40.58000    -0.082720622616
40.59000    -0.090411336472
40.60000    -0.098192273859
40.61000    -0.106262805179
40.62000    -0.114048237278
40.63000    -0.122136020096
40.64000    -0.130410862952
40.65000    -0.138370727304
40.66000    -0.146289545650
40.67000    -0.154125319804
40.68000    -0.161780492005
40.69000    -0.169898339897
40.70000    -0.177732200540
40.71000    -0.184581548604
40.72000    -0.190339452964
40.73000    -0.194904120349
40.74000    -0.198625813903
40.75000    -0.201584824098
40.76000    -0.203583516135
40.77000    -0.204804892658
40.78000    -0.204833847625
40.79000    -0.204364133718
40.80000    -0.203519563932
40.81000    -0.202681252745
40.82000    -0.202077129784
40.83000    -0.201591716079
40.84000    -0.201265760175
40.85000    -0.200846207213
40.86000    -0.200168958699
40.87000    -0.199144018469
40.88000    -0.197999766920
40.89000    -0.196774894721
40.90000    -0.195620921633
40.91000    -0.194221805994
40.92000    -0.192599457683
40.93000    -0.190759867526
40.94000    -0.188677109700
40.95000    -0.186812373146
40.96000    -0.185085752047
40.97000    -0.183769606548
40.98000    -0.182663656578
40.99000    -0.181941646890
41.00000    -0.181127525180
41.01000    -0.180359581145
41.02000    -0.179650703097
41.03000    -0.178743875864
41.04000    -0.177555710197
41.05000    -0.176374527861
41.06000    -0.175216945002
41.07000    -0.174002253064
41.08000    -0.172609621864
41.09000    -0.171252620214
41.10000    -0.169720910570
41.11000    -0.168179904181
41.12000    -0.166621922223
41.13000    -0.164609065402
41.14000    -0.162608672015
41.15000    -0.160939833898
41.16000    -0.159543252360
41.17000    -0.158586690200
41.18000    -0.157981705687
41.19000    -0.157387924861
41.20000    -0.156782427490
41.21000    -0.155994087852
41.22000    -0.155288129149
41.23000    -0.154623451276
41.24000    -0.153837485520
41.25000    -0.153102631051
41.26000    -0.152161262574
41.27000    -0.151013725382
41.28000    -0.149990932664
41.29000    -0.149042396276
41.30000    -0.147957215831
41.31000    -0.146903791695
41.32000    -0.145949087464
41.33000    -0.145039108380
41.34000    -0.144286411805
41.35000    -0.143527492156
41.36000    -0.142739839945
41.37000    -0.141761229807
41.38000    -0.140829340258
41.39000    -0.139951005746
41.40000    -0.139093906635
41.41000    -0.138366164800
41.42000    -0.137897799014
41.43000    -0.137724746888
41.44000    -0.137731168471
41.45000    -0.137916751246
41.46000    -0.138176755214
41.47000    -0.138315208851
41.48000    -0.138411333821
41.49000    -0.138504640844
41.50000    -0.138602316643
41.51000    -0.138764204299
41.52000    -0.138934318806
41.53000    -0.139048317178
41.54000    -0.138921437372
41.55000    -0.138410530505
41.56000    -0.137752396302
41.57000    -0.137018448508
41.58000    -0.136076681239
41.59000    -0.135249686122
41.60000    -0.134544381297
41.61000    -0.134041102027
41.62000    -0.133962168957
41.63000    -0.134095412117
41.64000    -0.134255048441
41.65000    -0.134396048022
41.66000    -0.134329703765
41.67000    -0.134116864630
41.68000    -0.133795660282
41.69000    -0.133413810843
41.70000    -0.133001387167
41.71000    -0.132474134897
41.72000    -0.131607301297
41.73000    -0.130639904619
41.74000    -0.129514663021
41.75000    -0.128384949832
41.76000    -0.127367334744
41.77000    -0.126512268183
41.78000    -0.125877660453
41.79000    -0.125286040641
41.80000    -0.124731946983
41.81000    -0.124182852794
41.82000    -0.123775082909
41.83000    -0.123426387865
41.84000    -0.123139084883
41.85000    -0.122912079258
41.86000    -0.122744455226
41.87000    -0.122644805890
41.88000    -0.122558561134
41.89000    -0.122508634531
41.90000    -0.122495020589
41.91000    -0.122604813322
41.92000    -0.122763687338
41.93000    -0.122843446677
41.94000    -0.122857524491
41.95000    -0.122899402617
41.96000    -0.122816344235
41.97000    -0.122654718635
41.98000    -0.122533238434
41.99000    -0.122384920745
42.00000    -0.122258783234
42.01000    -0.122032708976
42.02000    -0.121634577852
42.03000    -0.121105332397
42.04000    -0.120380459366
42.05000    -0.119816168507
42.06000    -0.119338776892
